Team,Tag,Ground,Shrub,Canopy,percent_canopy_open,percent_dicot,juniper,hackberry,cedar_elm,live_oak,cottonwood,pecan,other_trees,exotic_shrubs,native_shrubs,notes,% Sky Area,% Mask Area,% Site Open,LAI 4Ring,LAI 5Ring,Units,RB,RD,Extra,Abv Dir,Abv Dif,Abv Tot,Abv Dir Msk,Abv Dif Msk,Abv Tot Msk,Trans Dir,Trans Dif,Trans Tot,% Trans Dir,% Trans Dif,% Trans Tot,Date,Time
E,119,3,1,3,12.27,10,1,1,,,,,1,TRUE,TRUE,,99.87,0.13,12.27,2.65,2.15,Mols m-2 d-1,1,1,365.86,18.18,18.18,36.35,18.18,18.17,36.35,2.61,2.62,5.23,14.37,14.43,14.4,Sep 18 2019,17:38:08
E,120,3,0,0,71.6,0,,,,,,,,FALSE,FALSE,,99.87,0.13,71.56,0.02,0.14,Mols m-2 d-1,1,1,365.86,18.18,18.18,36.35,18.18,18.17,36.35,16.95,16.12,33.08,93.27,88.73,91,Sep 18 2019,17:40:35
E,121,3,1,1,53.75,0,1,2,1,,,,,FALSE,TRUE,,99.87,0.13,53.73,0.3,0.5,Mols m-2 d-1,1,1,365.86,18.18,18.18,36.35,18.18,18.17,36.35,13.93,13.37,27.31,76.66,73.6,75.13,Sep 18 2019,17:41:55
E,122,0,3,3,17.02,0,,1,5,,,,,TRUE,FALSE,,99.87,0.13,17.02,2.01,1.77,Mols m-2 d-1,1,1,365.86,18.18,18.18,36.35,18.18,18.17,36.35,4.75,3.72,8.47,26.14,20.47,23.3,Sep 18 2019,17:43:16
E,123,0,3,2,21.02,0,,,6,,,,,TRUE,FALSE,,99.89,0.11,21.02,1.48,1.64,Mols m-2 d-1,1,1,365.86,18.18,18.18,36.35,18.18,18.17,36.35,8.98,5.64,14.62,49.4,31.02,40.21,Sep 18 2019,17:46:01
E,124,1,3,2,15.81,0,2,,2,,,,,TRUE,FALSE,,99.89,0.11,15.81,2,1.89,Mols m-2 d-1,1,1,365.86,18.18,18.18,36.35,18.18,18.17,36.35,5.21,3.81,9.02,28.68,20.97,24.82,Sep 18 2019,17:48:00
E,125,0,3,3,17.06,0,3,,4,1,,,,TRUE,TRUE,,99.89,0.11,17.05,1.94,1.82,Mols m-2 d-1,1,1,365.86,18.18,18.18,36.35,18.18,18.17,36.35,5.27,4.24,9.51,28.99,23.35,26.17,Sep 18 2019,17:49:05
E,126,2,3,2,26.45,0,7,,1,,,,,TRUE,TRUE,,99.89,0.11,26.45,1.32,1.33,Mols m-2 d-1,1,1,365.86,18.18,18.18,36.35,18.18,18.17,36.35,7.22,6.2,13.41,39.7,34.1,36.9,Sep 18 2019,17:50:05
E,127,0,3,3,12.48,0,3,,1,,,,,TRUE,TRUE,,99.89,0.11,12.48,2.45,2.22,Mols m-2 d-1,1,1,365.86,18.18,18.18,36.35,18.18,18.17,36.35,3.11,3.35,6.46,17.1,18.44,17.77,Sep 18 2019,17:51:13
E,127,0,3,3,18.06,0,3,,1,,,,,TRUE,TRUE,,99.88,0.12,18.06,1.92,1.75,Mols m-2 d-1,1,1,365.86,18.18,18.18,36.35,18.18,18.17,36.35,4.72,4.69,9.41,25.94,25.83,25.89,Sep 18 2019,17:48:03
E,128,1,2,3,22.76,10,1,,4,1,,,1,TRUE,TRUE,,99.88,0.12,22.76,1.52,1.44,Mols m-2 d-1,1,1,365.86,18.18,18.18,36.35,18.18,18.17,36.35,5.14,5.58,10.72,28.28,30.7,29.49,Sep 18 2019,17:49:07
E,129,2,3,2,30.8,10,,,1,,,,,TRUE,TRUE,,99.88,0.12,30.79,1.51,1.5,Mols m-2 d-1,1,1,365.86,18.18,18.18,36.35,18.18,18.17,36.35,2.68,5.75,8.43,14.75,31.66,23.2,Sep 18 2019,17:52:18
E,130,1,3,2,26.11,0,,2,,,,3,1,TRUE,TRUE,,99.88,0.12,26.1,1.27,1.29,Mols m-2 d-1,1,1,365.86,18.18,18.18,36.35,18.18,18.17,36.35,7.76,6.75,14.51,42.67,37.16,39.92,Sep 18 2019,17:53:50
E,131,2,2,3,20.51,20,1,6,,1,,,,TRUE,TRUE,,99.88,0.12,20.51,1.88,1.58,Mols m-2 d-1,1,1,365.86,18.18,18.18,36.35,18.18,18.17,36.35,5.73,4.7,10.43,31.51,25.86,28.68,Sep 18 2019,17:56:11
E,132,1,2,3,18.94,30,4,3,,,,,,TRUE,TRUE,,99.88,0.12,18.93,1.89,1.73,Mols m-2 d-1,1,1,365.86,18.18,18.18,36.35,18.18,18.17,36.35,4.68,4.08,8.76,25.74,22.44,24.09,Sep 18 2019,17:58:44
E,133,2,1,3,24.71,10,,1,4,,1,,,FALSE,TRUE,,99.88,0.12,24.7,1.73,1.55,Mols m-2 d-1,1,1,365.86,18.18,18.18,36.35,18.18,18.17,36.35,4.31,4.65,8.96,23.7,25.61,24.66,Sep 18 2019,18:00:04
E,134,2,2,3,19.79,20,,4,,,,1,,TRUE,TRUE,,99.88,0.12,19.77,2.03,1.72,Mols m-2 d-1,1,1,365.86,18.18,18.18,36.35,18.18,18.17,36.35,5.49,4.05,9.54,30.2,22.27,26.24,Sep 18 2019,18:01:14
E,135,0,3,2,22.99,0,,,,,,2,,TRUE,TRUE,,99.88,0.12,22.97,1.53,1.49,Mols m-2 d-1,1,1,365.86,18.18,18.18,36.35,18.18,18.17,36.35,3.15,5.02,8.17,17.36,27.62,22.49,Sep 18 2019,18:02:41
E,136,0,3,3,26.27,0,,,,,,4,,FALSE,TRUE,,99.88,0.12,26.23,1.7,1.42,Mols m-2 d-1,1,1,365.86,18.18,18.18,36.35,18.18,18.17,36.35,7.44,5.08,12.52,40.96,27.95,34.45,Sep 18 2019,18:03:57
E,31,3,1,1,60.31,0,,,,,,1,,FALSE,TRUE,,99.88,0.12,60.3,0.12,0.34,Mols m-2 d-1,1,1,365.86,18.18,18.18,36.35,18.18,18.17,36.35,17.01,14.42,31.43,93.58,79.34,86.46,Sep 18 2019,18:06:05
E,30,3,1,1,62.39,0,,,,,,,1,FALSE,TRUE,,99.9,0.1,62.39,0.19,0.36,Mols m-2 d-1,1,1,365.86,18.18,18.18,36.35,18.18,18.17,36.35,15.58,14.56,30.14,85.72,80.11,82.91,Sep 18 2019,17:46:19
E,29,2,1,3,22.11,50,,2,,,,,,FALSE,TRUE,,99.9,0.1,22.11,2.12,1.94,Mols m-2 d-1,1,1,365.86,18.18,18.18,36.35,18.18,18.17,36.35,4.44,4.14,8.59,24.45,22.79,23.62,Sep 18 2019,17:50:01
E,28,3,3,3,14.28,0,,3,,,,1,,FALSE,TRUE,,99.9,0.1,14.28,2.95,2.4,Mols m-2 d-1,1,1,365.86,18.18,18.18,36.35,18.18,18.17,36.35,2.43,2.28,4.72,13.38,12.57,12.97,Sep 18 2019,17:51:48
E,27,2,1,1,50.71,0,1,,,,,,,FALSE,TRUE,,99.9,0.1,50.7,0.54,0.57,Mols m-2 d-1,1,1,365.86,18.18,18.18,36.35,18.18,18.17,36.35,12.43,12.28,24.71,68.37,67.6,67.98,Sep 18 2019,17:53:27
E,26,3,2,2,9.69,0,1,,,,,2,,TRUE,TRUE,,99.9,0.1,9.69,3.95,3.2,Mols m-2 d-1,1,1,365.86,18.18,18.18,36.35,18.18,18.17,36.35,1.2,1.54,2.74,6.61,8.48,7.55,Sep 18 2019,17:55:27
E,25,3,1,0,70.97,0,,,,,,,,FALSE,TRUE,,99.9,0.1,70.96,0.01,0.15,Mols m-2 d-1,1,1,365.86,18.18,18.18,36.35,18.18,18.17,36.35,17.27,16.16,33.43,94.99,88.94,91.97,Sep 18 2019,17:57:18
E,24,0,2,3,21.04,0,,2,,1,,,1,FALSE,TRUE,,99.9,0.1,21.03,1.78,1.65,Mols m-2 d-1,1,1,365.86,18.18,18.18,36.35,18.18,18.17,36.35,3.65,4.56,8.21,20.11,25.08,22.59,Sep 18 2019,17:58:42
E,23,2,2,3,16.29,0,,,,2,,,1,TRUE,TRUE,,99.9,0.1,16.29,2.02,1.86,Mols m-2 d-1,1,1,365.86,18.18,18.18,36.35,18.18,18.17,36.35,7.01,4.07,11.08,38.57,22.37,30.47,Sep 18 2019,17:59:53
E,22,0,3,2,21.42,0,,,3,,,,,TRUE,TRUE,,99.9,0.1,21.42,1.77,1.47,Mols m-2 d-1,1,1,365.86,18.18,18.18,36.35,18.18,18.17,36.35,5.62,4.99,10.61,30.93,27.44,29.19,Sep 18 2019,18:00:48
E,,,,,,,,,,,,,,FALSE,FALSE,,,,,,,,,,,,,,,,,,,,,,,,
E,,,,,,,,,,,,,,FALSE,FALSE,,,,,,,,,,,,,,,,,,,,,,,,
E,,,,,,,,,,,,,,FALSE,FALSE,,,,,,,,,,,,,,,,,,,,,,,,
E,,,,,,,,,,,,,,FALSE,FALSE,,,,,,,,,,,,,,,,,,,,,,,,
E,,,,,,,,,,,,,,FALSE,FALSE,,,,,,,,,,,,,,,,,,,,,,,,
E,,,,,,,,,,,,,,FALSE,FALSE,,,,,,,,,,,,,,,,,,,,,,,,
E,,,,,,,,,,,,,,FALSE,FALSE,,,,,,,,,,,,,,,,,,,,,,,,
E,,,,,,,,,,,,,,FALSE,FALSE,,,,,,,,,,,,,,,,,,,,,,,,
D,162,2,2,2,34.27,40,1,1,13,0,0,0,0,TRUE,TRUE,,99.87,0.13,34.27,0.82,1.06,Mols m-2 d-1,1,1,365.86,18.18,18.18,36.35,18.18,18.17,36.35,4.31,8.15,12.46,23.69,44.85,34.27,Sep 18 2019,18:04:14
D,163,1,2,3,16.67,65,0,1,4,0,0,0,0,FALSE,TRUE,,99.85,0.15,16.67,1.91,1.85,Mols m-2 d-1,1,1,365.86,18.18,18.18,36.35,18.18,18.17,36.35,5.16,3.96,9.11,28.38,21.77,25.08,Sep 18 2019,18:07:06
D,164,1,3,3,17.25,70,1,2,2,0,0,0,1,TRUE,TRUE,,99.88,0.12,17.25,1.93,1.79,Mols m-2 d-1,1,1,365.86,18.18,18.18,36.35,18.18,18.17,36.35,6.41,3.92,10.33,35.26,21.6,28.43,Sep 18 2019,18:09:25
D,165,3,0,1,31.25,30,0,0,0,1,0,0,0,TRUE,FALSE,didn't find tag; extrapolated location,99.89,0.11,31.24,1.41,1.16,Mols m-2 d-1,1,1,365.86,18.18,18.18,36.35,18.18,18.17,36.35,7.5,6.24,13.74,41.25,34.35,37.8,Sep 18 2019,18:11:18
D,166,2,0,1,64.98,60,0,0,0,1,0,0,0,TRUE,FALSE,didn't find tag; extrapolated location,99.89,0.11,64.97,0.06,0.27,Mols m-2 d-1,1,1,365.86,18.18,18.18,36.35,18.18,18.17,36.35,16.24,15.31,31.55,89.35,84.23,86.79,Sep 18 2019,18:12:41
D,167,1,1,2,20.37,10,7,0,0,0,1,1,0,TRUE,TRUE,,99.89,0.11,20.36,1.83,1.65,Mols m-2 d-1,1,1,365.86,18.18,18.18,36.35,18.18,18.17,36.35,5.56,4.73,10.29,30.57,26.03,28.3,Sep 18 2019,18:15:00
D,168,1,2,2,13.04,75,2,0,0,0,0,0,0,TRUE,TRUE,,99.89,0.11,13.04,2.25,2.1,Mols m-2 d-1,1,1,365.86,18.18,18.18,36.35,18.18,18.17,36.35,3.83,3.17,7,21.06,17.47,19.27,Sep 18 2019,18:16:31
D,169,2,0,2,21.24,70,4,0,0,0,0,0,2,FALSE,FALSE,didn't find tag; extrapolated location,99.89,0.11,21.24,1.73,1.98,Mols m-2 d-1,1,1,365.86,18.18,18.18,36.35,18.18,18.17,36.35,6.61,6.12,12.73,36.36,33.69,35.03,Sep 18 2019,18:18:20
D,170,1,2,2,15.61,70,7,0,0,1,0,0,0,TRUE,TRUE,,99.85,0.15,15.61,2.19,2.07,Mols m-2 d-1,1,1,365.86,18.18,18.18,36.35,18.18,18.17,36.35,4.93,4.12,9.05,27.15,22.66,24.9,Sep 18 2019,18:19:47
D,171,2,1,1,34.24,35,12,0,0,0,0,0,0,TRUE,TRUE,,99.85,0.15,34.24,0.98,1.06,Mols m-2 d-1,1,1,365.86,18.18,18.18,36.35,18.18,18.17,36.35,8.31,9.11,17.41,45.7,50.12,47.91,Sep 18 2019,18:20:57
D,172,1,1,2,20.07,25,10,0,0,0,0,0,0,TRUE,TRUE,,99.89,0.11,20.07,1.72,1.6,Mols m-2 d-1,1,1,365.86,18.18,18.18,36.35,18.18,18.17,36.35,5.22,4.98,10.2,28.69,27.41,28.05,Sep 18 2019,18:06:08
D,173,1,1,2,19.17,40,6,0,0,0,0,0,1,TRUE,TRUE,,99.89,0.11,19.17,1.78,1.72,Mols m-2 d-1,1,1,365.86,18.18,18.18,36.35,18.18,18.17,36.35,6.59,4.26,10.85,36.24,23.44,29.84,Sep 18 2019,18:11:24
D,174,3,1,1,60.2,10,3,0,0,0,0,0,1,TRUE,TRUE,,99.89,0.11,60.19,0.23,0.35,Mols m-2 d-1,1,1,365.86,18.18,18.18,36.35,18.18,18.17,36.35,13.25,13.94,27.19,72.9,76.73,74.81,Sep 18 2019,18:14:59
D,175,2,1,2,18.29,60,5,0,3,0,0,0,0,TRUE,TRUE,,99.87,0.13,18.29,2,1.78,Mols m-2 d-1,1,1,365.86,18.18,18.18,36.35,18.18,18.17,36.35,4.84,4.22,9.07,26.64,23.24,24.94,Sep 18 2019,18:18:38
D,176,2,1,2,13.63,70,10,0,2,1,0,0,0,TRUE,TRUE,,99.87,0.13,13.62,2.12,2.3,Mols m-2 d-1,1,1,365.86,18.18,18.18,36.35,18.18,18.17,36.35,3.69,3.68,7.37,20.28,20.25,20.27,Sep 18 2019,18:20:47
D,177,2,1,2,12.78,60,6,1,14,0,0,0,0,TRUE,TRUE,,99.87,0.13,12.78,2.36,2.36,Mols m-2 d-1,1,1,365.86,18.18,18.18,36.35,18.18,18.17,36.35,5.11,3.63,8.74,28.13,19.98,24.06,Sep 18 2019,18:22:07
D,178,2,1,2,14.73,65,1,1,4,0,1,0,0,TRUE,TRUE,,99.87,0.13,14.73,2.76,2.59,Mols m-2 d-1,1,1,365.86,18.18,18.18,36.35,18.18,18.17,36.35,5.97,4.46,10.44,32.85,24.57,28.71,Sep 18 2019,18:23:41
D,179,2,1,2,13.16,75,0,8,1,0,0,0,0,TRUE,TRUE,,99.87,0.13,13.15,2.43,2.16,Mols m-2 d-1,1,1,365.86,18.18,18.18,36.35,18.18,18.17,36.35,1.21,2.8,4.01,6.66,15.39,11.02,Sep 18 2019,18:25:02
D,180,3,1,2,22.18,50,0,8,3,0,1,0,0,TRUE,TRUE,didn't find tag; extrapolated location,99.87,0.13,22.18,1.98,1.83,Mols m-2 d-1,1,1,365.86,18.18,18.18,36.35,18.18,18.17,36.35,8.45,6.42,14.88,46.5,35.35,40.93,Sep 18 2019,18:26:34
D,73,1,2,3,15.71,60,0,5,0,0,0,0,1,TRUE,TRUE,,99.87,0.13,15.7,2.04,1.87,Mols m-2 d-1,1,1,365.86,18.18,18.18,36.35,18.18,18.17,36.35,3.91,3.5,7.41,21.5,19.28,20.39,Sep 18 2019,18:27:41
D,72,2,1,2,17.83,40,0,10,0,0,0,1,1,TRUE,TRUE,didn't find tag; extrapolated location,99.87,0.13,17.83,2.13,1.78,Mols m-2 d-1,1,1,365.86,18.18,18.18,36.35,18.18,18.17,36.35,4.92,3.68,8.6,27.07,20.27,23.67,Sep 18 2019,18:28:38
D,71,1,2,1,18.14,30,0,2,0,0,1,4,0,TRUE,TRUE,,99.87,0.13,18.14,2.07,2.03,Mols m-2 d-1,1,1,365.86,18.18,18.18,36.35,18.18,18.17,36.35,4.65,5.13,9.78,25.57,28.22,26.89,Sep 18 2019,18:15:54
D,60,1,1,2,15.22,30,3,1,0,0,0,0,0,FALSE,TRUE,,99.87,0.13,15.22,2.14,1.89,Mols m-2 d-1,1,1,365.86,18.18,18.18,36.35,18.18,18.17,36.35,4.05,3.33,7.37,22.27,18.31,20.29,Sep 18 2019,18:19:05
D,59,1,2,2,14.4,40,4,0,1,0,1,0,0,TRUE,TRUE,,99.87,0.13,14.4,1.85,2.07,Mols m-2 d-1,1,1,365.86,18.18,18.18,36.35,18.18,18.17,36.35,5.72,3.71,9.43,31.47,20.4,25.94,Sep 18 2019,18:20:48
D,58,0,2,2,13.25,0,3,0,0,0,0,1,0,TRUE,TRUE,,99.87,0.13,13.25,2.15,2.15,Mols m-2 d-1,1,1,365.86,18.18,18.18,36.35,18.18,18.17,36.35,4.48,3.56,8.04,24.63,19.61,22.12,Sep 18 2019,18:21:59
D,57,1,2,2,16.59,60,6,0,2,2,0,0,0,TRUE,TRUE,,99.87,0.13,16.59,1.99,1.77,Mols m-2 d-1,1,1,365.86,18.18,18.18,36.35,18.18,18.17,36.35,2.5,3.82,6.32,13.75,21.04,17.4,Sep 18 2019,18:23:35
D,56,1,3,2,19.44,10,1,0,2,0,0,0,0,TRUE,TRUE,,99.87,0.13,19.44,1.65,1.62,Mols m-2 d-1,1,1,365.86,18.18,18.18,36.35,18.18,18.17,36.35,6.12,4.78,10.9,33.68,26.32,30,Sep 18 2019,18:24:35
D,,,,,,,,,,,,,,FALSE,FALSE,,,,,,,,,,,,,,,,,,,,,,,,
D,,,,,,,,,,,,,,FALSE,FALSE,,,,,,,,,,,,,,,,,,,,,,,,
D,,,,,,,,,,,,,,FALSE,FALSE,,,,,,,,,,,,,,,,,,,,,,,,
D,,,,,,,,,,,,,,FALSE,FALSE,,,,,,,,,,,,,,,,,,,,,,,,
D,,,,,,,,,,,,,,FALSE,FALSE,,,,,,,,,,,,,,,,,,,,,,,,
D,,,,,,,,,,,,,,FALSE,FALSE,,,,,,,,,,,,,,,,,,,,,,,,
D,,,,,,,,,,,,,,FALSE,FALSE,,,,,,,,,,,,,,,,,,,,,,,,
D,,,,,,,,,,,,,,FALSE,FALSE,,,,,,,,,,,,,,,,,,,,,,,,
D,,,,,,,,,,,,,,FALSE,FALSE,,,,,,,,,,,,,,,,,,,,,,,,
B,13,0,1,1,29.98,0,3,,,,,,,TRUE,TRUE,,99.91,0.09,29.97,1.22,1.15,Mols m-2 d-1,1,1,365.86,18.18,18.18,36.35,18.18,18.17,36.35,7.01,6.83,13.84,38.58,37.56,38.07,Sep 18 2019,18:03:15
B,14,1,1,1,31.58,50,1,2,,,,,,FALSE,TRUE,,99.91,0.09,31.58,1.12,1.08,Mols m-2 d-1,1,1,365.86,18.18,18.18,36.35,18.18,18.17,36.35,8.12,7.34,15.47,44.69,40.4,42.55,Sep 18 2019,18:03:58
B,15,1,2,2,24.65,75,1,2,1,,,,,TRUE,FALSE,,99.91,0.09,24.65,1.56,1.45,Mols m-2 d-1,1,1,365.86,18.18,18.18,36.35,18.18,18.17,36.35,6.36,6.65,13.01,34.97,36.6,35.78,Sep 18 2019,18:04:37
B,16,1,3,2,25.32,25,2,,4,,,,,TRUE,FALSE,,99.91,0.09,25.32,1.43,1.32,Mols m-2 d-1,1,1,365.86,18.18,18.18,36.35,18.18,18.17,36.35,5.3,5.72,11.02,29.15,31.49,30.32,Sep 18 2019,18:05:17
B,17,0,3,1,25.15,0,3,,7,,,,,TRUE,FALSE,,99.91,0.09,25.15,1.46,1.38,Mols m-2 d-1,1,1,365.86,18.18,18.18,36.35,18.18,18.17,36.35,8.14,6.34,14.48,44.78,34.88,39.83,Sep 18 2019,18:06:09
B,18,2,1,2,21.4,75,3,,,,,,,TRUE,TRUE,,99.91,0.09,21.4,1.68,1.51,Mols m-2 d-1,1,1,365.86,18.18,18.18,36.35,18.18,18.17,36.35,4.89,4.74,9.63,26.93,26.07,26.5,Sep 18 2019,18:06:51
B,19,0,1,2,19.57,0,3,1,5,,,,,TRUE,TRUE,,99.91,0.09,19.57,1.8,1.66,Mols m-2 d-1,1,1,365.86,18.18,18.18,36.35,18.18,18.17,36.35,6.6,5.01,11.61,36.32,27.59,31.95,Sep 18 2019,18:07:34
B,20,2,1,2,18.83,25,5,1,4,,,,,TRUE,TRUE,,99.91,0.09,18.83,1.74,1.64,Mols m-2 d-1,1,1,365.86,18.18,18.18,36.35,18.18,18.17,36.35,5.65,4.53,10.18,31.06,24.93,28,Sep 18 2019,18:08:21
B,21,0,2,1,23.03,0,1,,3,,,,,TRUE,TRUE,,99.91,0.09,23.02,1.52,1.45,Mols m-2 d-1,1,1,365.86,18.18,18.18,36.35,18.18,18.17,36.35,5.36,5.18,10.54,29.47,28.5,28.98,Sep 18 2019,18:09:09
B,101,0,1,2,22.15,0,,3,1,,,,,TRUE,FALSE,,99.91,0.09,22.14,1.82,1.62,Mols m-2 d-1,1,1,365.86,18.18,18.18,36.35,18.18,18.17,36.35,3.73,4.41,8.13,20.51,24.24,22.38,Sep 18 2019,18:10:16
B,102,0,2,2,21.81,0,,4,,,,,,TRUE,TRUE,,99.9,0.1,21.81,2.12,1.61,Mols m-2 d-1,1,1,365.86,18.18,18.18,36.35,18.18,18.17,36.35,4.09,4.33,8.42,22.5,23.83,23.17,Sep 18 2019,18:07:25
B,103,1,2,2,27.66,0,,1,5,,,,,TRUE,FALSE,,99.9,0.1,27.66,1.37,1.22,Mols m-2 d-1,1,1,365.86,18.18,18.18,36.35,18.18,18.17,36.35,4.59,5.92,10.52,25.27,32.6,28.94,Sep 18 2019,18:08:14
B,104,2,1,2,32.6,25,1,9,5,,,,,TRUE,TRUE,,99.9,0.1,32.6,1.16,1.07,Mols m-2 d-1,1,1,365.86,18.18,18.18,36.35,18.18,18.17,36.35,8.28,7.09,15.37,45.57,39.03,42.3,Sep 18 2019,18:08:55
B,105,2,0,2,28.43,0,,4,3,,,,,FALSE,FALSE,,99.9,0.1,28.42,1.26,1.22,Mols m-2 d-1,1,1,365.86,18.18,18.18,36.35,18.18,18.17,36.35,8.03,6.94,14.97,44.17,38.2,41.19,Sep 18 2019,18:09:43
B,106,2,1,1,27.03,0,,2,7,,,,,FALSE,TRUE,,99.9,0.1,27.02,1.24,1.24,Mols m-2 d-1,1,1,365.86,18.18,18.18,36.35,18.18,18.17,36.35,6.45,6.56,13.01,35.49,36.09,35.79,Sep 18 2019,18:10:36
B,107,2,1,1,24.51,0,,2,7,,,,,FALSE,TRUE,,99.9,0.1,24.51,1.45,1.35,Mols m-2 d-1,1,1,365.86,18.18,18.18,36.35,18.18,18.17,36.35,5.51,6,11.51,30.31,33.04,31.67,Sep 18 2019,18:11:26
B,108,3,1,1,30.45,0,,,3,,,,,TRUE,TRUE,,99.9,0.1,30.45,1.04,1.09,Mols m-2 d-1,1,1,365.86,18.18,18.18,36.35,18.18,18.17,36.35,6.51,7.06,13.57,35.82,38.84,37.33,Sep 18 2019,18:12:11
B,109,1,1,2,30.66,0,,4,1,,,,,TRUE,FALSE,,99.9,0.1,30.66,1.2,1.14,Mols m-2 d-1,1,1,365.86,18.18,18.18,36.35,18.18,18.17,36.35,9.95,6.83,16.78,54.75,37.56,46.15,Sep 18 2019,18:13:09
B,110,0,2,1,23.96,0,,,,,,,,TRUE,TRUE,,99.9,0.1,23.96,1.78,1.48,Mols m-2 d-1,1,1,365.86,18.18,18.18,36.35,18.18,18.17,36.35,5.74,4.97,10.72,31.59,27.37,29.48,Sep 18 2019,18:13:55
B,111,3,0,0,76.95,0,,,,,,,,FALSE,FALSE,,99.9,0.1,76.94,0.03,0.1,Mols m-2 d-1,1,1,365.86,18.18,18.18,36.35,18.18,18.17,36.35,17.47,16.57,34.04,96.09,91.19,93.64,Sep 18 2019,18:14:50
B,112,1,3,2,22.08,0,,2,,1,,,,TRUE,TRUE,,99.9,0.1,22.07,1.75,1.56,Mols m-2 d-1,1,1,365.86,18.18,18.18,36.35,18.18,18.17,36.35,5.34,5.28,10.61,29.35,29.04,29.19,Sep 18 2019,18:15:37
B,113,2,0,2,16.38,0,,5,1,,,,,FALSE,FALSE,,99.88,0.12,16.38,1.87,1.87,Mols m-2 d-1,1,1,294.74,14.64,14.64,29.29,14.64,14.64,29.28,3.41,3.29,6.7,23.31,22.48,22.89,Sep 18 2019,18:02:07
B,114,2,1,1,18,25,,6,,,,,,FALSE,TRUE,,99.9,0.1,18,1.78,1.77,Mols m-2 d-1,1,1,294.74,14.64,14.64,29.29,14.64,14.64,29.28,5.34,3.32,8.66,36.48,22.66,29.57,Sep 18 2019,18:03:37
B,115,3,1,1,28.45,50,,3,,,,,,FALSE,TRUE,,99.9,0.1,28.45,1.3,1.34,Mols m-2 d-1,1,1,294.74,14.64,14.64,29.29,14.64,14.64,29.28,4.2,6.17,10.37,28.7,42.13,35.41,Sep 18 2019,18:04:42
B,116,3,1,1,24.91,50,,4,,,,,,FALSE,TRUE,ESTIMATED,99.9,0.1,24.91,1.18,1.43,Mols m-2 d-1,1,1,294.74,14.64,14.64,29.29,14.64,14.64,29.28,6.51,5,11.51,44.46,34.16,39.31,Sep 18 2019,18:05:58
B,7,2,2,1,40.67,0,,2,,,1,,,TRUE,TRUE,,99.9,0.1,40.67,0.72,0.76,Mols m-2 d-1,1,1,294.74,14.64,14.64,29.29,14.64,14.64,29.28,9.73,8.21,17.93,66.45,56.05,61.25,Sep 18 2019,18:06:56
B,6,1,2,2,16.26,0,,3,,,,,,FALSE,TRUE,,99.9,0.1,16.26,1.98,1.83,Mols m-2 d-1,1,1,294.74,14.64,14.64,29.29,14.64,14.64,29.28,4.55,3.09,7.64,31.08,21.09,26.09,Sep 18 2019,18:07:59
B,5,1,1,2,17.89,0,,1,,,,,,FALSE,TRUE,,99.9,0.1,17.89,2.26,1.84,Mols m-2 d-1,1,1,294.74,14.64,14.64,29.29,14.64,14.64,29.28,2.32,2.96,5.28,15.85,20.22,18.03,Sep 18 2019,18:08:59
B,4,2,2,1,24.81,0,,,,,1,,,TRUE,TRUE,,99.9,0.1,24.81,1.53,1.33,Mols m-2 d-1,1,1,294.74,14.64,14.64,29.29,14.64,14.64,29.28,3.98,4.72,8.7,27.2,32.22,29.71,Sep 18 2019,18:09:53
B,3,1,2,2,17.28,25,,4,,,,,,FALSE,TRUE,,99.9,0.1,17.28,2.02,1.75,Mols m-2 d-1,1,1,294.74,14.64,14.64,29.29,14.64,14.64,29.28,3,3.23,6.23,20.5,22.07,21.28,Sep 18 2019,18:10:47
B,2,2,1,2,16.2,0,,5,,,,,,FALSE,TRUE,ESTIMATED,99.9,0.1,16.2,2.31,1.94,Mols m-2 d-1,1,1,294.74,14.64,14.64,29.29,14.64,14.64,29.28,3.93,2.65,6.58,26.87,18.09,22.48,Sep 18 2019,18:11:39
B,1,3,0,2,15.64,25,,,12,,,,,FALSE,FALSE,ESTIMATED,99.9,0.1,15.64,2.22,1.92,Mols m-2 d-1,1,1,294.74,14.64,14.64,29.29,14.64,14.64,29.28,2.48,3.24,5.72,16.95,22.15,19.55,Sep 18 2019,18:12:39
B,,,,,,,,,,,,,,FALSE,FALSE,,,,,,,,,,,,,,,,,,,,,,,,
B,,,,,,,,,,,,,,FALSE,FALSE,,,,,,,,,,,,,,,,,,,,,,,,
B,,,,,,,,,,,,,,FALSE,FALSE,,,,,,,,,,,,,,,,,,,,,,,,
B,,,,,,,,,,,,,,FALSE,FALSE,,,,,,,,,,,,,,,,,,,,,,,,
C,89,1,1,2,18.28,75,3,0,6,1,1,0,0,TRUE,TRUE,,99.91,0.09,18.27,1.68,1.83,Mols m-2 d-1,1,1,365.86,18.18,18.18,36.35,18.18,18.17,36.35,3.63,4.63,8.26,19.95,25.48,22.72,Sep 18 2019,17:30:47
C,88,1,1,3,14.04,50,0,1,0,3,0,0,1,TRUE,TRUE,,99.89,0.11,14.04,2.16,2.04,Mols m-2 d-1,1,1,365.86,18.18,18.18,36.35,18.18,18.17,36.35,3.69,3.31,7,20.3,18.23,19.27,Sep 18 2019,17:37:15
C,87,1,1,3,14.76,50,0,0,1,4,0,0,1,TRUE,TRUE,,99.89,0.11,14.76,2.2,1.91,Mols m-2 d-1,1,1,365.86,18.18,18.18,36.35,18.18,18.17,36.35,3.48,3.53,7.01,19.15,19.42,19.29,Sep 18 2019,17:40:37
C,86,1,1,2,16.33,75,0,0,1,0,0,0,3,TRUE,TRUE,,99.88,0.12,16.33,1.91,1.91,Mols m-2 d-1,1,1,365.86,18.18,18.18,36.35,18.18,18.17,36.35,3.95,4.27,8.22,21.72,23.49,22.6,Sep 18 2019,17:43:55
C,85,1,1,2,14.3,100,2,0,2,0,0,0,2,TRUE,TRUE,,99.93,0.07,14.3,2.3,2.09,Mols m-2 d-1,1,1,365.86,18.18,18.18,36.35,18.18,18.17,36.35,3.81,3.76,7.57,20.94,20.71,20.83,Sep 18 2019,17:46:03
C,84,1,1,3,15.24,50,2,1,1,2,0,0,0,FALSE,TRUE,,99.93,0.07,15.24,2.01,1.97,Mols m-2 d-1,1,1,365.86,18.18,18.18,36.35,18.18,18.17,36.35,3.37,3.63,6.99,18.52,19.95,19.23,Sep 18 2019,17:47:36
C,83,1,1,3,15.02,30,3,0,0,0,0,0,0,TRUE,TRUE,,99.93,0.07,15.02,2.02,1.92,Mols m-2 d-1,1,1,365.86,18.18,18.18,36.35,18.18,18.17,36.35,2.46,3.64,6.11,13.56,20.03,16.8,Sep 18 2019,17:49:41
C,82,1,1,3,31.41,50,4,0,0,0,0,0,0,TRUE,TRUE,,99.91,0.09,31.41,1.08,1.07,Mols m-2 d-1,1,1,365.86,18.18,18.18,36.35,18.18,18.17,36.35,7.81,7.71,15.52,42.96,42.45,42.7,Sep 18 2019,17:40:50
C,81,1,2,3,25.06,25,4,0,0,0,0,0,0,TRUE,TRUE,,99.91,0.09,25.06,1.27,1.4,Mols m-2 d-1,1,1,365.86,18.18,18.18,36.35,18.18,18.17,36.35,7.09,6.25,13.34,39.03,34.39,36.71,Sep 18 2019,17:44:11
C,80,2,3,1,31.21,50,3,0,0,0,0,0,0,TRUE,TRUE,,99.91,0.09,31.21,0.96,1.22,Mols m-2 d-1,1,1,365.86,18.18,18.18,36.35,18.18,18.17,36.35,8.48,8.08,16.55,46.64,44.45,45.54,Sep 18 2019,17:45:21
C,79,1,2,3,28.31,50,2,0,0,0,0,0,1,TRUE,TRUE,,99.91,0.09,28.31,1.15,1.24,Mols m-2 d-1,1,1,365.86,18.18,18.18,36.35,18.18,18.17,36.35,8.23,6.99,15.22,45.28,38.44,41.86,Sep 18 2019,17:47:06
C,78,2,2,2,24.09,100,1,0,1,1,0,0,1,TRUE,TRUE,,99.91,0.09,24.09,1.42,1.49,Mols m-2 d-1,1,1,365.86,18.18,18.18,36.35,18.18,18.17,36.35,7.78,6.38,14.17,42.83,35.13,38.98,Sep 18 2019,17:48:19
C,77,2,3,3,22.36,50,4,0,0,0,0,0,0,TRUE,TRUE,,99.91,0.09,22.36,1.41,1.58,Mols m-2 d-1,1,1,365.86,18.18,18.18,36.35,18.18,18.17,36.35,8.11,5.91,14.03,44.65,32.52,38.58,Sep 18 2019,17:49:31
C,76,1,2,3,18.46,100,2,0,0,0,1,0,0,TRUE,TRUE,,99.91,0.09,18.46,1.98,1.78,Mols m-2 d-1,1,1,365.86,18.18,18.18,36.35,18.18,18.17,36.35,4.81,4.62,9.43,26.45,25.42,25.93,Sep 18 2019,17:50:29
C,191,1,1,3,19.97,50,0,1,2,1,0,0,0,FALSE,TRUE,,99.91,0.09,19.97,1.84,1.62,Mols m-2 d-1,1,1,365.86,18.18,18.18,36.35,18.18,18.17,36.35,4.59,4.45,9.04,25.23,24.5,24.86,Sep 18 2019,17:51:34
C,190,1,1,2,18.9,100,0,0,1,2,1,0,0,TRUE,TRUE,,99.88,0.12,18.9,1.77,1.66,Mols m-2 d-1,1,1,365.86,18.18,18.18,36.35,18.18,18.17,36.35,5.92,4.7,10.62,32.56,25.85,29.2,Sep 18 2019,18:05:00
C,189,2,2,2,,50,3,0,0,0,0,0,0,FALSE,TRUE,,,,,,,,,,,,,,,,,,,,,,,,
C,188,2,2,2,20.31,25,3,0,0,1,0,0,0,FALSE,TRUE,,99.88,0.12,20.31,1.68,1.56,Mols m-2 d-1,1,1,365.86,18.18,18.18,36.35,18.18,18.17,36.35,8.43,4.95,13.38,46.35,27.25,36.8,Sep 18 2019,18:08:03
C,187,1,1,2,18.94,100,1,0,0,0,0,0,2,TRUE,TRUE,,99.88,0.12,18.94,1.92,1.89,Mols m-2 d-1,1,1,365.86,18.18,18.18,36.35,18.18,18.17,36.35,6.72,5.37,12.09,36.97,29.57,33.27,Sep 18 2019,18:10:10
C,186,2,1,2,23.05,75,3,0,0,0,0,0,1,FALSE,TRUE,,99.88,0.12,23.05,1.47,1.46,Mols m-2 d-1,1,1,365.86,18.18,18.18,36.35,18.18,18.17,36.35,5.8,5.17,10.97,31.92,28.43,30.17,Sep 18 2019,18:12:04
C,185,2,2,3,18.98,100,0,0,0,2,0,0,1,TRUE,TRUE,,99.88,0.12,18.98,1.86,1.65,Mols m-2 d-1,1,1,365.86,18.18,18.18,36.35,18.18,18.17,36.35,5.68,4.66,10.34,31.25,25.63,28.44,Sep 18 2019,18:14:08
C,184,3,2,2,22.54,100,1,0,0,1,0,0,0,FALSE,TRUE,,99.88,0.12,22.53,1.55,1.47,Mols m-2 d-1,1,1,365.86,18.18,18.18,36.35,18.18,18.17,36.35,5.32,4.97,10.29,29.27,27.36,28.31,Sep 18 2019,18:00:25
C,183,2,2,3,19.99,100,1,0,0,2,0,0,0,FALSE,TRUE,,99.88,0.12,19.99,1.72,1.57,Mols m-2 d-1,1,1,365.86,18.18,18.18,36.35,18.18,18.17,36.35,6,4.78,10.79,33.04,26.32,29.68,Sep 18 2019,18:03:04
C,,,,,,,,,,,,,,FALSE,FALSE,,,,,,,,,,,,,,,,,,,,,,,,
C,,,,,,,,,,,,,,FALSE,FALSE,,,,,,,,,,,,,,,,,,,,,,,,
C,,,,,,,,,,,,,,FALSE,FALSE,,,,,,,,,,,,,,,,,,,,,,,,
C,,,,,,,,,,,,,,FALSE,FALSE,,,,,,,,,,,,,,,,,,,,,,,,
C,,,,,,,,,,,,,,FALSE,FALSE,,,,,,,,,,,,,,,,,,,,,,,,
C,,,,,,,,,,,,,,FALSE,FALSE,,,,,,,,,,,,,,,,,,,,,,,,
C,,,,,,,,,,,,,,FALSE,FALSE,,,,,,,,,,,,,,,,,,,,,,,,
C,,,,,,,,,,,,,,FALSE,FALSE,,,,,,,,,,,,,,,,,,,,,,,,
C,,,,,,,,,,,,,,FALSE,FALSE,,,,,,,,,,,,,,,,,,,,,,,,
C,,,,,,,,,,,,,,FALSE,FALSE,,,,,,,,,,,,,,,,,,,,,,,,
C,,,,,,,,,,,,,,FALSE,FALSE,,,,,,,,,,,,,,,,,,,,,,,,
C,,,,,,,,,,,,,,FALSE,FALSE,,,,,,,,,,,,,,,,,,,,,,,,
C,,,,,,,,,,,,,,FALSE,FALSE,,,,,,,,,,,,,,,,,,,,,,,,
A,33,0,3,1,53.75,0,,1,1,,,,,TRUE,TRUE,,99.89,0.11,53.74,0.47,0.48,Mols m-2 d-1,1,1,365.86,18.18,18.18,36.35,18.18,18.17,36.35,11.29,12.41,23.7,62.11,68.29,65.2,Sep 18 2019,17:35:23
A,34,3,0,1,62.94,10,,,1,,,,2,TRUE,TRUE,,99.89,0.11,62.94,0.13,0.24,Mols m-2 d-1,1,1,365.86,18.18,18.18,36.35,18.18,18.17,36.35,16.61,15.07,31.67,91.36,82.9,87.13,Sep 18 2019,17:37:17
A,35,1,3,2,27.61,5,,,8,,,,,TRUE,TRUE,,99.9,0.1,27.61,1.2,1.32,Mols m-2 d-1,1,1,365.86,18.18,18.18,36.35,18.18,18.17,36.35,11.5,7.46,18.96,63.28,41.05,52.17,Sep 18 2019,17:39:35
A,36,3,1,2,44.52,5,,,5,,,,,TRUE,TRUE,,99.91,0.09,44.52,0.58,0.65,Mols m-2 d-1,1,1,365.86,18.18,18.18,36.35,18.18,18.17,36.35,14.66,11.39,26.04,80.65,62.65,71.65,Sep 18 2019,17:41:34
A,37,0,3,1,40.34,0,,,1,,,,,TRUE,TRUE,,99.93,0.07,40.34,0.64,0.81,Mols m-2 d-1,1,1,365.86,18.18,18.18,36.35,18.18,18.17,36.35,12.36,10.51,22.86,67.98,57.81,62.9,Sep 18 2019,17:43:29
A,38,1,2,3,13.55,5,1,,10,,,,,TRUE,TRUE,,99.89,0.11,13.55,2.13,2.04,Mols m-2 d-1,1,1,365.86,18.18,18.18,36.35,18.18,18.17,36.35,1.36,3.49,4.86,7.5,19.22,13.36,Sep 18 2019,17:46:13
A,39,1,1,3,16.42,10,2,,12,,,,,TRUE,TRUE,,99.89,0.11,16.42,1.85,1.85,Mols m-2 d-1,1,1,365.86,18.18,18.18,36.35,18.18,18.17,36.35,2.35,4.31,6.66,12.95,23.69,18.32,Sep 18 2019,17:48:57
A,40,2,2,3,14.27,20,4,,6,,,,,TRUE,TRUE,,99.89,0.11,14.27,2.25,2.15,Mols m-2 d-1,1,1,365.86,18.18,18.18,36.35,18.18,18.17,36.35,4.86,3.92,8.78,26.73,21.58,24.15,Sep 18 2019,17:50:03
A,41,1,1,3,19.5,10,6,,6,,,1,,TRUE,TRUE,,99.89,0.11,19.5,1.96,1.74,Mols m-2 d-1,1,1,365.86,18.18,18.18,36.35,18.18,18.17,36.35,5.36,5.46,10.83,29.51,30.07,29.79,Sep 18 2019,17:51:37
A,42,0,1,3,9.3,0,,1,3,,,1,2,TRUE,TRUE,,99.89,0.11,9.3,2.72,2.42,Mols m-2 d-1,1,1,365.86,18.18,18.18,36.35,18.18,18.17,36.35,1.97,2.11,4.08,10.82,11.62,11.22,Sep 18 2019,17:53:01
A,43,3,1,1,49.22,5,1,,3,,,,,TRUE,TRUE,,99.89,0.11,49.22,0.36,0.6,Mols m-2 d-1,1,1,365.86,18.18,18.18,36.35,18.18,18.17,36.35,14.48,12.81,27.29,79.66,70.5,75.08,Sep 18 2019,17:54:05
A,44,0,2,3,12.08,0,2,,3,,,5,,TRUE,TRUE,,99.89,0.11,12.08,2.4,2.21,Mols m-2 d-1,1,1,365.86,18.18,18.18,36.35,18.18,18.17,36.35,3.39,3.18,6.57,18.66,17.47,18.07,Sep 18 2019,17:55:15
A,45,0,2,3,7.44,0,1,1,2,,,,,TRUE,TRUE,,99.89,0.11,7.44,3.13,2.78,Mols m-2 d-1,1,1,365.86,18.18,18.18,36.35,18.18,18.17,36.35,1.72,1.99,3.71,9.46,10.94,10.2,Sep 18 2019,17:56:43
A,46,0,1,3,11.12,0,8,,,,,,1,TRUE,TRUE,,99.89,0.11,11.12,2.46,2.33,Mols m-2 d-1,1,1,365.86,18.18,18.18,36.35,18.18,18.17,36.35,2.47,2.84,5.32,13.61,15.63,14.62,Sep 18 2019,17:57:38
A,47,1,2,3,10.93,0,8,,,,,1,,TRUE,TRUE,,99.89,0.11,10.93,2.65,2.26,Mols m-2 d-1,1,1,365.86,18.18,18.18,36.35,18.18,18.17,36.35,2.5,2.39,4.88,13.74,13.13,13.44,Sep 18 2019,17:58:37
A,48,0,2,3,11.4,0,3,,3,,,3,1,TRUE,TRUE,,99.89,0.11,11.39,2.71,2.38,Mols m-2 d-1,1,1,365.86,18.18,18.18,36.35,18.18,18.17,36.35,2.17,2.22,4.39,11.94,12.22,12.08,Sep 18 2019,18:00:01
A,49,0,2,3,15.81,0,1,3,4,,,3,,TRUE,TRUE,,99.89,0.11,15.81,2.07,1.79,Mols m-2 d-1,1,1,365.86,18.18,18.18,36.35,18.18,18.17,36.35,3.76,3.85,7.61,20.71,21.18,20.95,Sep 18 2019,18:01:02
A,50,0,2,3,8.4,0,3,8,3,,,1,,TRUE,TRUE,,99.89,0.11,8.4,2.99,2.57,Mols m-2 d-1,1,1,365.86,18.18,18.18,36.35,18.18,18.17,36.35,2.19,1.84,4.03,12.07,10.12,11.1,Sep 18 2019,18:02:19
A,51,1,1,3,7.56,0,,11,2,,,,,TRUE,TRUE,,99.89,0.11,7.56,2.97,2.68,Mols m-2 d-1,1,1,365.86,18.18,18.18,36.35,18.18,18.17,36.35,2.05,1.79,3.84,11.28,9.85,10.57,Sep 18 2019,18:03:17
A,52,2,0,3,5.8,0,,13,,,,,,TRUE,TRUE,,99.89,0.11,5.8,3.06,3.27,Mols m-2 d-1,1,1,365.86,18.18,18.18,36.35,18.18,18.17,36.35,0.63,1.35,1.98,3.44,7.44,5.44,Sep 18 2019,18:05:16
A,53,2,1,2,13.76,0,,4,,,,1,,TRUE,TRUE,,99.89,0.11,13.76,2.12,2.1,Mols m-2 d-1,1,1,365.86,18.18,18.18,36.35,18.18,18.17,36.35,0.67,3.21,3.88,3.66,17.69,10.68,Sep 18 2019,18:06:21
A,54,2,1,1,32.32,90,,,,,,1,,TRUE,TRUE,,99.89,0.11,32.31,0.98,1.05,Mols m-2 d-1,1,1,365.86,18.18,18.18,36.35,18.18,18.17,36.35,11.04,8.08,19.13,60.76,44.48,52.62,Sep 18 2019,18:07:29
A,160,1,3,3,8.44,5,,4,,,,1,,TRUE,TRUE,,99.92,0.08,8.44,2.62,2.58,Mols m-2 d-1,1,1,365.86,18.18,18.18,36.35,18.18,18.17,36.35,2.38,2.05,4.43,13.07,11.29,12.18,Sep 18 2019,17:35:44
A,159,0,3,3,27.85,0,,2,,,1,,4,TRUE,TRUE,,99.88,0.12,27.85,1.47,1.21,Mols m-2 d-1,1,1,365.86,18.18,18.18,36.35,18.18,18.17,36.35,10.29,6.55,16.83,56.59,36.04,46.31,Sep 18 2019,17:48:19
A,158,1,2,3,23.08,5,,4,,,1,1,1,TRUE,TRUE,,99.88,0.12,23.08,1.51,1.42,Mols m-2 d-1,1,1,365.86,18.18,18.18,36.35,18.18,18.17,36.35,4.74,5.19,9.93,26.09,28.54,27.32,Sep 18 2019,17:50:28
A,158,1,2,3,14.7,5,,4,,,1,1,1,TRUE,TRUE,,99.88,0.12,14.7,2.2,2.23,Mols m-2 d-1,1,1,365.86,18.18,18.18,36.35,18.18,18.17,36.35,3.34,4.22,7.56,18.38,23.24,20.81,Sep 18 2019,17:54:37
A,157,2,1,3,18.11,0,,9,,,,2,,TRUE,TRUE,,99.88,0.12,18.11,1.9,1.69,Mols m-2 d-1,1,1,365.86,18.18,18.18,36.35,18.18,18.17,36.35,6.51,4.24,10.74,35.81,23.31,29.56,Sep 18 2019,17:56:00
A,156,0,3,2,33.62,0,,3,,,2,2,,TRUE,TRUE,,99.88,0.12,33.61,1.07,1.13,Mols m-2 d-1,1,1,365.86,18.18,18.18,36.35,18.18,18.17,36.35,6.54,8.52,15.06,35.98,46.9,41.44,Sep 18 2019,17:57:38
A,155,1,3,1,31.4,0,,3,,,1,4,1,TRUE,TRUE,,99.89,0.11,31.39,1.07,1.07,Mols m-2 d-1,1,1,365.86,18.18,18.18,36.35,18.18,18.17,36.35,7.46,8.01,15.47,41.06,44.08,42.57,Sep 18 2019,17:59:28
A,154,2,2,2,26.14,30,,,2,,,,,TRUE,TRUE,,99.89,0.11,26.14,1.4,1.34,Mols m-2 d-1,1,1,365.86,18.18,18.18,36.35,18.18,18.17,36.35,8.53,6.71,15.24,46.91,36.93,41.92,Sep 18 2019,18:01:06
A,153,1,2,3,25.75,5,2,,12,,,,2,TRUE,TRUE,,99.89,0.11,25.75,1.26,1.32,Mols m-2 d-1,1,1,365.86,18.18,18.18,36.35,18.18,18.17,36.35,9.51,6.56,16.06,52.31,36.07,44.19,Sep 18 2019,18:02:27
A,152,0,1,3,21.43,0,15,2,,,,,2,TRUE,TRUE,,99.89,0.11,21.43,1.61,1.52,Mols m-2 d-1,1,1,365.86,18.18,18.18,36.35,18.18,18.17,36.35,7.51,5.37,12.88,41.3,29.56,35.43,Sep 18 2019,18:04:22
A,151,0,1,3,19.42,0,10,,,,,1,2,TRUE,TRUE,,99.89,0.11,19.42,1.6,1.65,Mols m-2 d-1,1,1,365.86,18.18,18.18,36.35,18.18,18.17,36.35,6.92,4.96,11.88,38.09,27.27,32.68,Sep 18 2019,18:05:55
A,150,1,2,3,14.35,0,3,,,,1,,,TRUE,TRUE,,99.89,0.11,14.35,2.28,2.18,Mols m-2 d-1,1,1,365.86,18.18,18.18,36.35,18.18,18.17,36.35,3.48,3.97,7.45,19.14,21.87,20.5,Sep 18 2019,18:07:16
A,149,0,3,3,13.98,0,7,,3,1,,,10,TRUE,TRUE,,99.89,0.11,13.97,2.26,2.08,Mols m-2 d-1,1,1,365.86,18.18,18.18,36.35,18.18,18.17,36.35,3.81,3.06,6.87,20.94,16.86,18.9,Sep 18 2019,18:08:37
A,148,1,2,2,37.85,20,4,1,4,,,,,TRUE,TRUE,,99.89,0.11,37.84,0.93,0.85,Mols m-2 d-1,1,1,365.86,18.18,18.18,36.35,18.18,18.17,36.35,13.94,8.93,22.87,76.7,49.16,62.93,Sep 18 2019,18:09:58
A,147,1,2,3,24.24,10,10,,12,,,,,TRUE,TRUE,,99.89,0.11,24.24,1.44,1.37,Mols m-2 d-1,1,1,365.86,18.18,18.18,36.35,18.18,18.17,36.35,5.63,5.76,11.38,30.95,31.69,31.32,Sep 18 2019,18:11:07
A,146,0,1,3,19.38,0,2,1,10,,,,1,TRUE,TRUE,,99.89,0.11,19.38,1.67,1.61,Mols m-2 d-1,1,1,365.86,18.18,18.18,36.35,18.18,18.17,36.35,5.23,4.7,9.93,28.77,25.88,27.32,Sep 18 2019,18:12:25
A,145,0,2,3,19.17,0,,3,4,,,,,TRUE,TRUE,,99.89,0.11,19.17,1.69,1.67,Mols m-2 d-1,1,1,365.86,18.18,18.18,36.35,18.18,18.17,36.35,5.64,4.85,10.49,31.02,26.7,28.86,Sep 18 2019,18:13:31
A,144,1,2,3,18.8,0,,2,9,,,,1,TRUE,TRUE,,99.89,0.11,18.8,1.59,1.73,Mols m-2 d-1,1,1,365.86,18.18,18.18,36.35,18.18,18.17,36.35,7.88,4.53,12.41,43.36,24.94,34.15,Sep 18 2019,18:14:38
A,143,1,2,3,15.15,50,2,1,2,,,,2,TRUE,TRUE,,99.89,0.11,15.15,2.09,1.9,Mols m-2 d-1,1,1,365.86,18.18,18.18,36.35,18.18,18.17,36.35,3.57,3.43,7,19.64,18.85,19.25,Sep 18 2019,18:15:55
