Tag,Ground,Shrub,Canopy,percent_canopy,Season,Year
1,3,1,1,48.02,Fall,2003
2,1,2,2,16.13,Fall,2003
3,2,2,2,8.65,Fall,2003
4,3,2,1,56.65,Fall,2003
5,2,1,2,9.87,Fall,2003
6,2,1,2,10.36,Fall,2003
7,3,1,1,32.07,Fall,2003
8,1,0,2,20.4,Fall,2003
9,1,1,2,11.74,Fall,2003
13,2,1,1,34.8,Fall,2003
14,3,0,1,43.69,Fall,2003
15,1,1,2,39.84,Fall,2003
16,1,1,2,16.31,Fall,2003
17,2,1,1,20.4,Fall,2003
18,1,0,2,21,Fall,2003
19,1,0,2,17.26,Fall,2003
20,1,2,2,21.09,Fall,2003
21,2,2,2,25.88,Fall,2003
22,2,1,2,16.23,Fall,2003
23,2,1,2,33.01,Fall,2003
24,2,2,1,15.96,Fall,2003
25,2,2,1,56.53,Fall,2003
26,3,1,1,18.69,Fall,2003
27,2,1,2,11.7,Fall,2003
28,2,1,2,9.87,Fall,2003
29,2,0,1,9.61,Fall,2003
30,2,0,1,26.44,Fall,2003
31,2,0,1,16.46,Fall,2003
32,2,1,1,16.85,Fall,2003
33,2,1,2,30.43,Fall,2003
34,3,1,1,22.12,Fall,2003
35,2,1,2,23.91,Fall,2003
36,2,1,1,40.71,Fall,2003
37,1,0,2,16.36,Fall,2003
38,1,2,2,16.31,Fall,2003
39,2,1,2,16.94,Fall,2003
40,1,0,2,16.82,Fall,2003
41,2,1,1,22.95,Fall,2003
42,2,2,2,15.56,Fall,2003
43,3,0,0,54.19,Fall,2003
44,1,1,3,30.47,Fall,2003
45,1,2,2,20.23,Fall,2003
46,2,1,1,21.97,Fall,2003
47,1,1,2,12.56,Fall,2003
48,1,1,2,13,Fall,2003
49,2,0,2,15.02,Fall,2003
50,1,1,2,13.44,Fall,2003
51,3,0,2,12.76,Fall,2003
52,1,0,2,10.85,Fall,2003
53,0,0,3,24.73,Fall,2003
54,3,1,0,52.39,Fall,2003
55,2,1,2,NA,Fall,2003
56,2,1,2,NA,Fall,2003
57,2,2,1,32.66,Fall,2003
58,1,1,1,33.58,Fall,2003
59,2,1,1,30.09,Fall,2003
60,2,2,2,NA,Fall,2003
70,2,1,2,44.98,Fall,2003
71,1,1,1,27.28,Fall,2003
72,3,1,1,35.84,Fall,2003
73,1,0,2,45.49,Fall,2003
74,2,0,3,35.04,Fall,2003
75,1,0,1,22.66,Fall,2003
76,0,3,2,15.64,Fall,2003
77,2,3,1,19.59,Fall,2003
78,1,3,1,19.6,Fall,2003
79,0,3,1,19.68,Fall,2003
80,3,2,1,21.55,Fall,2003
81,3,2,1,21.21,Fall,2003
82,1,1,1,18,Fall,2003
83,1,1,2,19.96,Fall,2003
84,2,2,1,20.31,Fall,2003
85,3,2,2,20.63,Fall,2003
86,1,1,2,17.36,Fall,2003
87,0,1,3,16.32,Fall,2003
88,1,0,3,14.73,Fall,2003
89,1,0,3,15.67,Fall,2003
90,3,2,1,23.78,Fall,2003
100,2,3,1,35.89,Fall,2003
101,3,1,1,36.37,Fall,2003
102,2,2,1,35.49,Fall,2003
103,2,0,1,26.9,Fall,2003
104,1,1,2,25.99,Fall,2003
105,1,1,2,33.83,Fall,2003
106,2,0,1,37.98,Fall,2003
107,2,1,1,33.05,Fall,2003
108,3,2,2,42.49,Fall,2003
109,3,2,2,35.97,Fall,2003
110,2,2,1,31.99,Fall,2003
111,3,2,0,73.02,Fall,2003
112,3,2,0,65.21,Fall,2003
113,1,1,3,36.47,Fall,2003
114,2,0,2,29.8,Fall,2003
115,2,0,2,30.49,Fall,2003
116,1,1,2,34.17,Fall,2003
117,1,1,2,27.51,Fall,2003
119,1,1,1,20.89,Fall,2003
120,2,1,1,17.2,Fall,2003
121,3,0,0,51.98,Fall,2003
122,2,1,1,38.78,Fall,2003
123,2,1,1,22.42,Fall,2003
124,1,1,1,19.59,Fall,2003
125,0,2,1,10.01,Fall,2003
126,2,2,1,17.2,Fall,2003
127,2,2,2,17.28,Fall,2003
128,2,2,1,17.26,Fall,2003
129,3,1,1,18.88,Fall,2003
130,1,1,2,40.18,Fall,2003
131,2,1,1,14.1,Fall,2003
132,1,1,2,17.19,Fall,2003
133,1,1,2,10.6,Fall,2003
134,1,2,2,12.02,Fall,2003
135,2,0,1,9.41,Fall,2003
136,2,1,2,15.19,Fall,2003
137,0,0,0,48.21,Fall,2003
138,1,1,1,16.08,Fall,2003
143,1,1,2,18.16,Fall,2003
144,2,0,1,20.42,Fall,2003
145,2,0,1,18.11,Fall,2003
146,1,0,2,15.94,Fall,2003
147,2,0,2,15.8,Fall,2003
148,3,2,1,16.82,Fall,2003
149,2,2,1,57.1,Fall,2003
150,1,1,2,14.25,Fall,2003
151,1,0,2,14.29,Fall,2003
152,1,0,2,13.06,Fall,2003
153,1,0,2,14.63,Fall,2003
154,2,1,1,24.48,Fall,2003
155,2,1,1,20.6,Fall,2003
156,2,1,2,14.35,Fall,2003
157,1,1,2,12.09,Fall,2003
158,0,1,2,13.98,Fall,2003
159,1,1,2,14.72,Fall,2003
160,2,1,1,19.14,Fall,2003
162,2,0,1,NA,Fall,2003
163,1,2,1,36.35,Fall,2003
164,0,3,2,30.3,Fall,2003
165,1,0,0,63.81,Fall,2003
166,3,0,0,68.43,Fall,2003
167,1,1,2,28.53,Fall,2003
168,1,1,2,33.61,Fall,2003
169,1,2,2,28.16,Fall,2003
170,1,1,2,32.16,Fall,2003
171,3,1,0,49.19,Fall,2003
172,1,1,2,30.55,Fall,2003
173,1,1,2,29.39,Fall,2003
174,3,0,0,62.63,Fall,2003
175,1,1,1,33.14,Fall,2003
176,1,2,2,30.26,Fall,2003
177,2,1,2,31.18,Fall,2003
178,3,2,1,30.82,Fall,2003
179,2,1,1,27.12,Fall,2003
180,2,2,3,33.34,Fall,2003
182,1,1,2,18.55,Fall,2003
183,2,2,2,20.56,Fall,2003
184,1,1,2,17.08,Fall,2003
185,1,1,2,20.14,Fall,2003
186,0,1,2,14.08,Fall,2003
187,0,1,2,15.23,Fall,2003
188,2,0,1,23.81,Fall,2003
189,1,1,2,21.39,Fall,2003
190,0,0,2,17.61,Fall,2003
191,2,0,3,15.65,Fall,2003
192,2,0,3,15.28,Fall,2003
1,3,1,0,60.04,Fall,2004
2,2,0,3,13.4,Fall,2004
3,1,3,3,16.39,Fall,2004
6,1,1,3,16.45,Fall,2004
7,1,1,3,17.59,Fall,2004
8,1,2,2,10.94,Fall,2004
9,2,2,1,16.11,Fall,2004
33,3,0,2,33.78,Fall,2004
34,1,2,3,28.58,Fall,2004
35,3,0,0,37.75,Fall,2004
36,2,1,2,18.97,Fall,2004
37,1,1,3,15.1,Fall,2004
38,1,2,2,18.44,Fall,2004
39,1,1,2,17.73,Fall,2004
40,0,1,2,14.67,Fall,2004
41,2,2,2,17.76,Fall,2004
42,1,3,3,15.21,Fall,2004
43,3,0,0,55.9,Fall,2004
44,0,0,3,21,Fall,2004
45,2,2,3,14.81,Fall,2004
46,2,2,3,17.2,Fall,2004
47,2,1,3,20.06,Fall,2004
48,1,0,3,14.69,Fall,2004
49,2,0,3,17.44,Fall,2004
50,2,0,3,14.53,Fall,2004
51,2,0,3,15.8,Fall,2004
52,1,0,3,14.14,Fall,2004
53,0,0,3,24.91,Fall,2004
54,3,2,0,42.54,Fall,2004
55,1,1,2,25.84,Fall,2004
56,1,1,2,23.22,Fall,2004
57,1,2,1,19.61,Fall,2004
58,1,1,1,18.31,Fall,2004
59,1,2,2,26.15,Fall,2004
60,1,2,3,30.14,Fall,2004
71,3,1,1,22.75,Fall,2004
72,2,3,1,21.51,Fall,2004
73,1,0,2,24.69,Fall,2004
74,1,0,3,17.41,Fall,2004
75,2,1,1,23.91,Fall,2004
76,0,2,3,17.1,Fall,2004
77,1,3,3,22.61,Fall,2004
78,1,2,2,19.67,Fall,2004
79,1,1,2,17.16,Fall,2004
80,3,2,1,25.03,Fall,2004
81,1,2,1,22.29,Fall,2004
82,1,0,2,23.39,Fall,2004
83,1,1,2,28.45,Fall,2004
84,1,2,1,23.53,Fall,2004
85,2,3,1,22.83,Fall,2004
86,1,0,3,22.66,Fall,2004
87,0,1,2,26.58,Fall,2004
88,1,0,3,24.3,Fall,2004
89,1,1,3,22.58,Fall,2004
90,1,1,1,31.41,Fall,2004
100,1,3,1,45.44,Fall,2004
101,1,3,2,20.75,Fall,2004
102,0,1,2,16.31,Fall,2004
103,1,1,1,22.39,Fall,2004
104,1,1,2,15.65,Fall,2004
105,0,0,2,22.44,Fall,2004
106,1,0,2,22.25,Fall,2004
107,3,2,2,23.49,Fall,2004
108,3,2,1,39.92,Fall,2004
110,1,1,2,25.11,Fall,2004
111,2,2,0,80.4,Fall,2004
112,3,0,0,65.21,Fall,2004
113,1,1,3,15.38,Fall,2004
114,1,0,2,18.43,Fall,2004
115,0,0,2,22.24,Fall,2004
116,0,0,3,17.55,Fall,2004
119,3,1,0,44.51,Fall,2004
120,3,0,1,30.42,Fall,2004
122,1,2,2,28.14,Fall,2004
123,1,0,1,25.69,Fall,2004
124,0,1,3,22.39,Fall,2004
125,0,1,3,16.65,Fall,2004
126,1,2,3,19.22,Fall,2004
127,1,2,2,16.71,Fall,2004
128,2,1,3,17.17,Fall,2004
129,2,2,2,18.44,Fall,2004
130,1,1,3,14.9,Fall,2004
131,2,0,1,16.25,Fall,2004
132,0,0,3,13.26,Fall,2004
133,0,0,3,15.56,Fall,2004
134,1,1,3,12.55,Fall,2004
135,2,0,3,15.86,Fall,2004
136,2,0,0,58.43,Fall,2004
137,3,0,0,48.21,Fall,2004
138,0,0,3,23.32,Fall,2004
143,0,0,3,11.16,Fall,2004
144,2,0,2,10.74,Fall,2004
145,2,0,2,9.73,Fall,2004
146,1,0,2,9.71,Fall,2004
147,2,1,3,11.66,Fall,2004
148,3,3,3,11.24,Fall,2004
149,3,0,1,15.51,Fall,2004
150,1,1,3,12.55,Fall,2004
151,0,0,3,11.64,Fall,2004
152,0,0,3,9.48,Fall,2004
153,1,0,3,11.16,Fall,2004
154,2,1,2,18.01,Fall,2004
155,3,1,2,12.08,Fall,2004
156,1,1,3,10.5,Fall,2004
157,0,0,3,12.15,Fall,2004
158,0,0,3,12.48,Fall,2004
159,1,1,3,11.79,Fall,2004
160,2,2,2,14.54,Fall,2004
162,2,0,1,27.52,Fall,2004
163,1,1,2,22.45,Fall,2004
165,3,0,0,33.5,Fall,2004
166,3,0,0,66.43,Fall,2004
167,0,1,0,46.69,Fall,2004
168,1,1,1,39.08,Fall,2004
169,0,1,2,28.16,Fall,2004
170,1,1,2,32.16,Fall,2004
171,3,1,0,49.22,Fall,2004
172,1,1,2,36.81,Fall,2004
173,2,2,2,32.04,Fall,2004
174,3,1,0,60.47,Fall,2004
175,0,1,1,42.25,Fall,2004
176,1,2,2,26.68,Fall,2004
177,2,2,2,31.01,Fall,2004
178,3,3,2,27.81,Fall,2004
179,1,0,2,18.68,Fall,2004
180,0,0,3,26.14,Fall,2004
181,3,1,2,19.21,Fall,2004
182,1,1,1,24.07,Fall,2004
183,1,1,3,27.34,Fall,2004
184,0,1,2,24.89,Fall,2004
185,0,2,3,20.65,Fall,2004
186,1,1,2,18.55,Fall,2004
187,0,1,1,25.57,Fall,2004
188,1,1,1,21.18,Fall,2004
189,2,1,1,21.25,Fall,2004
190,0,0,3,18.91,Fall,2004
191,0,0,3,19.07,Fall,2004
192,0,0,2,17.86,Fall,2004
1,0,2,2,NA,Fall,2005
2,0,1,2,NA,Fall,2005
3,0,1,2,NA,Fall,2005
4,0,2,3,NA,Fall,2005
5,0,1,0,NA,Fall,2005
6,1,2,2,NA,Fall,2005
7,1,1,2,NA,Fall,2005
8,3,0,0,NA,Fall,2005
9,0,0,2,NA,Fall,2005
10,1,1,0,NA,Fall,2005
11,NA,NA,NA,NA,Fall,2005
12,NA,NA,NA,NA,Fall,2005
13,2,2,0,NA,Fall,2005
14,3,0,0,NA,Fall,2005
15,0,1,1,NA,Fall,2005
16,0,1,3,NA,Fall,2005
17,NA,NA,NA,NA,Fall,2005
18,NA,NA,NA,NA,Fall,2005
19,NA,NA,NA,NA,Fall,2005
20,0,0,3,NA,Fall,2005
21,0,2,2,NA,Fall,2005
22,1,2,3,NA,Fall,2005
23,1,2,2,NA,Fall,2005
24,3,2,0,NA,Fall,2005
25,3,0,0,NA,Fall,2005
26,2,3,0,NA,Fall,2005
27,0,1,1,NA,Fall,2005
28,2,2,3,NA,Fall,2005
29,3,1,1,NA,Fall,2005
30,3,1,0,NA,Fall,2005
31,3,3,0,NA,Fall,2005
32,3,0,2,NA,Fall,2005
33,1,1,1,21.04,Fall,2005
34,2,1,1,35.17,Fall,2005
35,0,1,2,23.34,Fall,2005
36,0,1,3,22.25,Fall,2005
37,1,1,2,24.92,Fall,2005
38,1,3,2,21.99,Fall,2005
39,0,0,2,20.46,Fall,2005
40,1,1,2,20.06,Fall,2005
41,1,0,0,24.26,Fall,2005
42,0,1,0,50.24,Fall,2005
43,1,3,3,18.26,Fall,2005
44,0,1,3,18.81,Fall,2005
45,2,3,0,36.47,Fall,2005
46,3,1,2,15.38,Fall,2005
47,2,2,2,20.39,Fall,2005
48,2,0,3,16.41,Fall,2005
49,0,0,3,17.48,Fall,2005
50,2,1,3,16.13,Fall,2005
51,1,0,3,16.13,Fall,2005
52,0,0,3,11.84,Fall,2005
53,0,0,3,13.46,Fall,2005
54,3,0,0,43.52,Fall,2005
55,3,2,0,41.74,Fall,2005
56,0,1,2,14.18,Fall,2005
57,0,2,3,NA,Fall,2005
58,0,1,1,NA,Fall,2005
59,2,1,3,16.28,Fall,2005
60,0,2,1,20.15,Fall,2005
61,NA,NA,NA,NA,Fall,2005
62,NA,NA,NA,NA,Fall,2005
63,NA,NA,NA,NA,Fall,2005
64,NA,NA,NA,NA,Fall,2005
65,NA,NA,NA,NA,Fall,2005
66,NA,NA,NA,NA,Fall,2005
67,NA,NA,NA,NA,Fall,2005
68,NA,NA,NA,NA,Fall,2005
69,NA,NA,NA,NA,Fall,2005
70,3,0,3,15.11,Fall,2005
71,3,1,1,15.91,Fall,2005
72,NA,NA,NA,NA,Fall,2005
73,1,0,3,9.94,Fall,2005
74,2,0,2,14.55,Fall,2005
75,1,1,1,NA,Fall,2005
76,0,1,3,NA,Fall,2005
77,1,2,2,NA,Fall,2005
78,0,1,2,NA,Fall,2005
79,1,1,2,NA,Fall,2005
80,2,1,1,NA,Fall,2005
81,1,1,2,NA,Fall,2005
82,0,0,2,NA,Fall,2005
83,0,0,2,NA,Fall,2005
84,0,1,1,NA,Fall,2005
85,1,2,2,NA,Fall,2005
86,0,0,3,NA,Fall,2005
87,0,0,2,NA,Fall,2005
88,0,0,3,NA,Fall,2005
89,1,0,3,NA,Fall,2005
90,NA,NA,NA,NA,Fall,2005
91,NA,NA,NA,NA,Fall,2005
92,NA,NA,NA,NA,Fall,2005
93,NA,NA,NA,NA,Fall,2005
94,NA,NA,NA,NA,Fall,2005
95,NA,NA,NA,NA,Fall,2005
96,NA,NA,NA,NA,Fall,2005
97,NA,NA,NA,NA,Fall,2005
98,NA,NA,NA,NA,Fall,2005
99,NA,NA,NA,NA,Fall,2005
100,0,1,2,NA,Fall,2005
101,0,2,3,NA,Fall,2005
102,0,0,0,NA,Fall,2005
103,2,2,3,NA,Fall,2005
104,0,0,2,NA,Fall,2005
105,0,1,1,NA,Fall,2005
106,0,2,0,NA,Fall,2005
107,1,3,1,NA,Fall,2005
108,2,2,2,NA,Fall,2005
109,0,1,1,NA,Fall,2005
110,1,2,0,NA,Fall,2005
111,2,1,0,NA,Fall,2005
112,0,1,2,NA,Fall,2005
113,0,1,2,NA,Fall,2005
114,0,2,1,NA,Fall,2005
115,0,2,2,NA,Fall,2005
116,0,3,2,NA,Fall,2005
117,0,1,1,NA,Fall,2005
118,1,0,2,27.22,Fall,2005
119,0,1,1,18.35,Fall,2005
120,0,0,2,17.21,Fall,2005
121,2,0,0,50.3,Fall,2005
122,0,2,2,18.04,Fall,2005
123,1,1,1,20.77,Fall,2005
124,0,2,2,17.36,Fall,2005
125,0,3,2,21.32,Fall,2005
126,2,2,1,21.32,Fall,2005
127,1,3,2,15.46,Fall,2005
128,2,2,1,19.24,Fall,2005
129,2,1,1,20.84,Fall,2005
130,1,0,2,17.09,Fall,2005
131,2,0,0,27.33,Fall,2005
132,2,0,2,14.1,Fall,2005
133,1,0,2,14.18,Fall,2005
134,1,1,3,16.57,Fall,2005
135,2,0,1,24.37,Fall,2005
136,2,0,3,14.95,Fall,2005
137,1,2,0,59.42,Fall,2005
138,0,0,0,43.98,Fall,2005
139,NA,NA,NA,NA,Fall,2005
140,NA,NA,NA,NA,Fall,2005
141,NA,NA,NA,NA,Fall,2005
142,NA,NA,NA,NA,Fall,2005
143,NA,NA,NA,NA,Fall,2005
144,3,0,2,14.07,Fall,2005
145,3,0,2,11.9,Fall,2005
146,0,0,2,14.91,Fall,2005
147,0,2,3,13.64,Fall,2005
148,0,3,2,16.49,Fall,2005
149,3,0,0,48.41,Fall,2005
150,0,2,2,16.07,Fall,2005
151,0,0,3,12.95,Fall,2005
152,0,0,3,11.28,Fall,2005
153,2,1,2,11.43,Fall,2005
154,3,0,0,27.65,Fall,2005
155,3,0,1,19.05,Fall,2005
156,3,0,2,13.11,Fall,2005
157,NA,NA,NA,13.58,Fall,2005
158,0,0,3,15.99,Fall,2005
159,2,0,3,NA,Fall,2005
160,NA,NA,NA,NA,Fall,2005
161,NA,NA,NA,NA,Fall,2005
162,NA,NA,NA,NA,Fall,2005
163,NA,NA,NA,NA,Fall,2005
164,NA,NA,NA,NA,Fall,2005
165,NA,NA,NA,NA,Fall,2005
166,NA,NA,NA,NA,Fall,2005
167,1,1,2,13.27,Fall,2005
168,0,0,3,16.79,Fall,2005
169,0,2,3,17.19,Fall,2005
170,0,0,3,13.54,Fall,2005
171,3,1,1,28.36,Fall,2005
172,0,0,3,16.66,Fall,2005
173,0,0,3,15.56,Fall,2005
174,3,0,0,56.31,Fall,2005
175,2,2,2,12.15,Fall,2005
176,2,2,3,10.98,Fall,2005
177,3,2,2,10.98,Fall,2005
178,2,3,2,11.36,Fall,2005
180,0,0,3,10.78,Fall,2005
181,3,0,2,17.96,Fall,2005
167,0,1,2,NA,Fall,2005
168,0,1,2,NA,Fall,2005
169,0,1,2,NA,Fall,2005
170,1,1,2,NA,Fall,2005
171,3,1,0,NA,Fall,2005
172,1,0,2,NA,Fall,2005
173,1,1,2,NA,Fall,2005
174,3,2,0,NA,Fall,2005
175,0,1,2,NA,Fall,2005
176,1,1,2,NA,Fall,2005
177,1,1,2,NA,Fall,2005
178,2,2,1,NA,Fall,2005
179,1,1,1,NA,Fall,2005
180,0,0,3,NA,Fall,2005
181,2,0,3,NA,Fall,2005
182,0,2,1,NA,Fall,2005
183,1,2,2,NA,Fall,2005
184,0,1,2,NA,Fall,2005
185,0,1,2,NA,Fall,2005
186,0,1,2,NA,Fall,2005
187,0,0,2,NA,Fall,2005
188,1,0,1,NA,Fall,2005
189,0,0,2,NA,Fall,2005
190,0,1,2,NA,Fall,2005
191,1,0,3,NA,Fall,2005
192,1,0,2,NA,Fall,2005
174,1,2,1,NA,Fall,2005
185,1,1,1,NA,Fall,2005
196,1,1,1,NA,Fall,2005
1,3,0,0,54.7,Fall,2007
2,2,1,3,22.1,Fall,2007
3,1,1,3,23.7,Fall,2007
9,1,0,3,14.3,Fall,2007
8,1,1,3,22.8,Fall,2007
7,3,1,1,27.7,Fall,2007
117,1,0,3,13.5,Fall,2007
116,1,1,3,13.3,Fall,2007
115,2,0,3,13.1,Fall,2007
114,2,0,3,12.2,Fall,2007
112,3,0,0,68.6,Fall,2007
111,2,1,3,15.9,Fall,2007
110,2,1,3,13.2,Fall,2007
109,2,1,3,8.7,Fall,2007
108,1,1,2,14,Fall,2007
107,3,1,3,10.9,Fall,2007
106,2,2,3,12.5,Fall,2007
104,1,1,3,14.3,Fall,2007
103,2,1,3,14.4,Fall,2007
102,2,3,3,12,Fall,2007
101,2,2,2,16.4,Fall,2007
105,1,1,3,10.2,Fall,2007
13,3,3,1,32.8,Fall,2007
14,3,1,1,28.9,Fall,2007
15,1,2,3,11.9,Fall,2007
16,3,2,3,10.1,Fall,2007
18,1,0,3,9.7,Fall,2007
19,0,1,3,11.1,Fall,2007
20,1,2,3,11.6,Fall,2007
21,2,3,3,8.4,Fall,2007
22,1,3,2,14.3,Fall,2007
23,1,2,1,24.6,Fall,2007
24,3,1,3,17.9,Fall,2007
25,3,3,0,61.2,Fall,2007
26,3,2,2,33,Fall,2007
28,3,2,3,13.5,Fall,2007
29,2,1,1,25.3,Fall,2007
30,3,0,1,31.5,Fall,2007
183,1,1,3,15.53,Fall,2007
184,0,2,3,20.06,Fall,2007
185,1,1,3,17.82,Fall,2007
186,1,1,3,14.61,Fall,2007
187,1,1,3,16.83,Fall,2007
188,2,0,2,16.32,Fall,2007
189,1,0,3,12.22,Fall,2007
190,1,0,2,11.96,Fall,2007
191,1,0,3,16.15,Fall,2007
89,1,0,3,15.41,Fall,2007
88,0,0,3,12.26,Fall,2007
87,1,1,2,14.28,Fall,2007
86,1,0,3,15.84,Fall,2007
85,0,3,2,15.67,Fall,2007
84,1,2,2,14.79,Fall,2007
83,2,1,3,14.81,Fall,2007
82,1,0,2,15.27,Fall,2007
81,2,2,2,17.73,Fall,2007
80,2,2,2,19.16,Fall,2007
79,0,1,2,13.42,Fall,2007
78,0,2,3,14.31,Fall,2007
77,1,2,2,13.57,Fall,2007
76,0,1,3,12.48,Fall,2007
40,1,2,3,18.12,Fall,2007
39,1,2,2,17.36,Fall,2007
38,1,2,3,18.84,Fall,2007
36,2,2,2,14.74,Fall,2007
34,3,0,1,24.4,Fall,2007
33,0,2,3,16.25,Fall,2007
119,3,0,2,18.28,Fall,2007
120,2,1,2,19.85,Fall,2007
121,3,0,0,38.17,Fall,2007
122,1,2,3,15.74,Fall,2007
123,2,1,2,16.38,Fall,2007
124,1,1,3,19.67,Fall,2007
125,0,2,2,16.02,Fall,2007
126,1,2,2,20.4,Fall,2007
127,2,2,2,16.97,Fall,2007
128,2,1,2,19.34,Fall,2007
129,3,2,1,18.79,Fall,2007
130,1,1,3,20.6,Fall,2007
131,2,1,2,17.48,Fall,2007
132,1,0,3,17.48,Fall,2007
133,2,1,2,20.45,Fall,2007
134,1,2,3,14.32,Fall,2007
135,3,0,2,18.62,Fall,2007
136,2,1,2,20.4,Fall,2007
137,0,0,2,18.17,Fall,2007
138,2,2,2,25.11,Fall,2007
145,1,1,2,19.37,Fall,2007
146,1,1,2,15.31,Fall,2007
147,1,2,3,17.16,Fall,2007
148,1,2,3,13.02,Fall,2007
149,2,1,2,14.34,Fall,2007
150,1,2,3,17.97,Fall,2007
151,1,1,3,15.75,Fall,2007
152,1,0,3,15.97,Fall,2007
153,2,1,2,18.95,Fall,2007
154,3,1,1,20.43,Fall,2007
155,2,1,3,19.13,Fall,2007
156,2,0,2,15.14,Fall,2007
157,3,1,0,28.5,Fall,2007
158,1,0,3,18,Fall,2007
159,2,1,3,14.55,Fall,2007
160,3,1,1,25.81,Fall,2007
54,3,1,1,38.95,Fall,2007
53,3,0,1,43.82,Fall,2007
52,0,0,3,7.76,Fall,2007
51,1,0,3,8.27,Fall,2007
50,2,0,3,10.15,Fall,2007
49,1,0,3,6.34,Fall,2007
48,2,2,2,8.18,Fall,2007
47,2,2,2,12.26,Fall,2007
46,2,2,2,14.17,Fall,2007
45,1,1,2,11.5,Fall,2007
44,0,1,3,12.27,Fall,2007
43,3,0,1,50.62,Fall,2007
42,1,2,2,15.45,Fall,2007
41,3,3,2,26.45,Fall,2007
55,1,1,2,16.76,Fall,2007
56,1,1,2,23.31,Fall,2007
57,1,1,1,17.17,Fall,2007
58,1,1,2,14.4,Fall,2007
59,1,1,1,11.78,Fall,2007
60,2,1,2,15.04,Fall,2007
70,2,1,3,13.33,Fall,2007
71,1,1,1,13.75,Fall,2007
72,1,1,2,12.67,Fall,2007
73,1,1,2,14.34,Fall,2007
74,2,1,2,16.54,Fall,2007
181,3,1,1,15.25,Fall,2007
180,1,1,2,19.99,Fall,2007
179,2,1,1,19.78,Fall,2007
178,3,1,1,16.93,Fall,2007
177,2,2,2,14.34,Fall,2007
176,1,2,2,12.6,Fall,2007
175,1,2,2,15.02,Fall,2007
174,3,1,0,61.62,Fall,2007
173,1,2,2,19.99,Fall,2007
172,1,2,2,19.04,Fall,2007
171,1,2,2,17.74,Fall,2007
170,1,1,2,16.17,Fall,2007
169,1,1,2,14.58,Fall,2007
168,1,1,3,12.68,Fall,2007
167,1,2,2,18.12,Fall,2007
166,3,0,0,63.75,Fall,2007
165,3,0,0,58.92,Fall,2007
164,2,1,1,42.06,Fall,2007
163,2,2,2,20.3,Fall,2007
162,3,1,1,32.37,Fall,2007
161,2,1,1,48.55,Fall,2007
1,2,1,1,65.81,Fall,2008
2,2,1,2,38.77,Fall,2008
3,2,2,3,22.88,Fall,2008
2,2,0,2,19.68,Fall,2008
4,3,2,1,58.53,Fall,2008
3,3,0,2,23.73,Fall,2008
5,1,2,1,37.2,Fall,2008
4,3,0,1,21.41,Fall,2008
6,1,3,3,20.9,Fall,2008
5,1,1,2,19.41,Fall,2008
7,1,1,3,17.17,Fall,2008
6,2,1,0,60.79,Fall,2008
8,1,1,3,17.3,Fall,2008
7,2,1,1,55.05,Fall,2008
9,1,0,2,14.66,Fall,2008
8,1,1,2,20.82,Fall,2008
7,2,1,2,17.21,Fall,2008
6,2,1,2,29.01,Fall,2008
5,3,1,2,20.61,Fall,2008
13,2,2,1,33.63,Fall,2008
12,1,0,3,19.64,Fall,2008
14,1,1,2,22.13,Fall,2008
13,2,1,3,17.7,Fall,2008
15,1,1,2,17.95,Fall,2008
14,1,0,3,17.73,Fall,2008
16,1,1,3,19.73,Fall,2008
15,2,1,2,18.88,Fall,2008
17,1,1,2,16.51,Fall,2008
16,2,1,2,16.48,Fall,2008
18,0,1,2,18.95,Fall,2008
17,3,2,2,20,Fall,2008
19,0,1,2,18.32,Fall,2008
18,3,2,1,42.91,Fall,2008
20,1,1,2,18.06,Fall,2008
21,0,2,1,23.98,Fall,2008
22,2,1,2,23.87,Fall,2008
23,2,1,2,21.16,Fall,2008
24,3,1,1,32.7,Fall,2008
25,1,1,3,24.03,Fall,2008
26,2,0,0,64.75,Fall,2008
27,2,0,1,40.13,Fall,2008
28,3,1,2,21.91,Fall,2008
29,2,0,2,27.97,Fall,2008
30,2,0,0,44.3,Fall,2008
31,2,1,1,27.38,Fall,2008
32,1,1,1,30.56,Fall,2008
33,3,0,2,32.71,Fall,2008
34,3,2,1,28.15,Fall,2008
35,1,1,2,20.5,Fall,2008
36,2,1,1,21.81,Fall,2008
37,1,2,2,21.25,Fall,2008
38,1,2,2,20.05,Fall,2008
39,2,1,2,17.67,Fall,2008
40,1,2,1,16.63,Fall,2008
41,3,2,1,25.76,Fall,2008
42,1,2,3,22.52,Fall,2008
43,3,0,0,52.24,Fall,2008
44,1,2,3,21.47,Fall,2008
45,2,2,1,20.28,Fall,2008
46,1,2,3,19.01,Fall,2008
47,2,2,1,17.05,Fall,2008
48,2,3,2,17.12,Fall,2008
50,1,0,1,17.97,Fall,2008
51,3,0,3,14.6,Fall,2008
52,1,0,3,11.02,Fall,2008
53,3,0,1,29.25,Fall,2008
54,3,2,0,41.17,Fall,2008
55,1,1,2,15.69,Fall,2008
56,1,2,2,17.14,Fall,2008
57,1,1,2,21.11,Fall,2008
58,1,1,2,22.51,Fall,2008
59,1,2,2,23.18,Fall,2008
60,1,2,2,22.66,Fall,2008
62,3,0,1,62.09,Fall,2008
66,3,0,0,81.3,Fall,2008
69,3,0,0,62.5,Fall,2008
70,1,2,2,17.5,Fall,2008
71,2,1,2,16,Fall,2008
73,1,1,3,10.25,Fall,2008
74,2,1,1,15.61,Fall,2008
75,1,3,1,20.18,Fall,2008
76,1,3,2,15.38,Fall,2008
77,1,3,2,17.5,Fall,2008
78,2,2,3,18.59,Fall,2008
79,2,2,2,18.8,Fall,2008
80,3,2,1,21.8,Fall,2008
81,3,2,3,17.1,Fall,2008
82,0,1,3,17.78,Fall,2008
83,2,1,3,17.96,Fall,2008
84,1,2,1,20.16,Fall,2008
85,1,3,2,19.54,Fall,2008
86,1,0,2,20.23,Fall,2008
87,0,1,1,13.36,Fall,2008
88,1,0,3,16.1,Fall,2008
89,1,1,3,17.92,Fall,2008
90,2,2,1,23.63,Fall,2008
117,1,0,2,16.08,Fall,2008
119,3,0,2,32.01,Fall,2008
120,3,0,2,27.65,Fall,2008
121,3,0,0,69.88,Fall,2008
122,3,1,1,46.38,Fall,2008
123,2,0,2,25.08,Fall,2008
124,1,1,3,19.03,Fall,2008
125,0,1,2,21.03,Fall,2008
126,1,2,3,21.01,Fall,2008
127,1,1,2,18.45,Fall,2008
128,2,1,2,19.32,Fall,2008
129,2,1,3,20.28,Fall,2008
130,1,1,2,16.68,Fall,2008
131,1,2,2,21.12,Fall,2008
132,2,1,2,20.83,Fall,2008
133,1,1,2,19.11,Fall,2008
134,3,1,3,16.98,Fall,2008
135,1,2,2,20.82,Fall,2008
136,3,1,1,32.02,Fall,2008
138,3,2,1,27.39,Fall,2008
143,3,0,1,19.04,Fall,2008
144,3,0,2,16.94,Fall,2008
145,1,0,3,16.88,Fall,2008
146,1,0,2,17,Fall,2008
147,1,2,3,20.04,Fall,2008
148,3,3,2,16.56,Fall,2008
149,3,2,1,21.08,Fall,2008
150,1,2,2,19.77,Fall,2008
151,1,0,3,17.3,Fall,2008
152,0,0,3,17.46,Fall,2008
153,1,0,2,19.13,Fall,2008
154,3,1,1,22.58,Fall,2008
155,2,1,1,19.82,Fall,2008
156,1,1,3,16.38,Fall,2008
157,2,2,1,34.31,Fall,2008
158,0,0,3,22.49,Fall,2008
159,3,1,3,17.88,Fall,2008
160,3,2,1,19.93,Fall,2008
162,3,2,1,25.98,Fall,2008
163,1,2,2,20.76,Fall,2008
167,1,1,2,19.37,Fall,2008
168,1,1,3,16.05,Fall,2008
169,1,1,3,13.91,Fall,2008
170,2,1,3,12.8,Fall,2008
171,3,1,1,9.55,Fall,2008
172,1,1,3,37.04,Fall,2008
173,1,1,3,16.91,Fall,2008
174,3,0,1,61.48,Fall,2008
175,0,1,2,25.96,Fall,2008
176,1,1,2,21.01,Fall,2008
177,1,1,2,21.13,Fall,2008
180,1,1,3,15.07,Fall,2008
181,3,1,2,13.17,Fall,2008
182,1,1,2,14.84,Fall,2008
183,2,2,2,16.66,Fall,2008
184,1,1,1,16.73,Fall,2008
185,1,1,3,16.24,Fall,2008
186,1,0,3,11,Fall,2008
187,0,0,2,13.43,Fall,2008
188,1,1,2,16.57,Fall,2008
189,1,1,2,10.38,Fall,2008
190,1,0,2,15.79,Fall,2008
191,2,0,2,17.8,Fall,2008
192,1,1,1,22.17,Fall,2008
2,1,1,2,37.09,Fall,2009
3,1,2,3,20.47,Fall,2009
4,1,1,2,28.07,Fall,2009
5,2,2,3,16.35,Fall,2009
6,1,2,2,16.69,Fall,2009
7,1,2,2,11.97,Fall,2009
8,3,0,1,46.13,Fall,2009
9,3,2,1,43.01,Fall,2009
116,1,0,3,25.2,Fall,2009
115,2,0,2,29.41,Fall,2009
114,1,0,2,24.68,Fall,2009
113,1,1,2,22.78,Fall,2009
112,2,2,1,46.76,Fall,2009
111,1,1,2,33.56,Fall,2009
110,1,1,2,29.25,Fall,2009
109,1,1,2,26.05,Fall,2009
108,1,1,2,36.94,Fall,2009
107,1,1,1,33.53,Fall,2009
106,1,1,2,31.4,Fall,2009
105,1,1,3,19.5,Fall,2009
104,1,1,3,21,Fall,2009
103,1,1,2,21.61,Fall,2009
102,1,1,2,18.55,Fall,2009
101,2,1,2,18.47,Fall,2009
14,1,1,1,26.64,Fall,2009
15,0,1,2,25.6,Fall,2009
16,0,1,2,23.42,Fall,2009
17,1,2,2,25.32,Fall,2009
18,0,0,3,20.06,Fall,2009
19,1,1,2,25.6,Fall,2009
20,1,2,2,25.06,Fall,2009
21,0,2,1,37.42,Fall,2009
22,1,1,2,41.54,Fall,2009
23,2,1,1,46.35,Fall,2009
24,1,1,2,34.93,Fall,2009
25,1,1,1,31.46,Fall,2009
55,1,1,3,24.52,Fall,2009
57,1,2,3,27.96,Fall,2009
60,1,2,3,24.46,Fall,2009
58,1,1,2,25.25,Fall,2009
59,1,2,2,25.7,Fall,2009
160,3,1,3,18.97,Fall,2009
159,2,2,3,14.1,Fall,2009
158,0,0,3,12.44,Fall,2009
157,1,1,3,15.36,Fall,2009
156,1,2,3,22.34,Fall,2009
155,2,1,3,20.37,Fall,2009
154,1,1,2,22.53,Fall,2009
153,1,1,3,18.87,Fall,2009
152,1,1,3,28.59,Fall,2009
151,1,1,3,29.47,Fall,2009
150,2,2,3,26.9,Fall,2009
149,3,2,3,22.99,Fall,2009
148,2,3,2,22.12,Fall,2009
147,2,2,3,32.46,Fall,2009
146,1,1,3,22.93,Fall,2009
145,1,1,3,20.71,Fall,2009
144,2,1,2,29.12,Fall,2009
143,1,1,3,23.18,Fall,2009
44,1,3,3,22.83,Fall,2009
45,1,3,3,25.45,Fall,2009
46,2,2,3,25.7,Fall,2009
47,2,3,3,27.54,Fall,2009
48,2,2,3,17.54,Fall,2009
49,3,1,3,20.02,Fall,2009
50,1,1,3,49.89,Fall,2009
51,3,0,3,24.24,Fall,2009
52,2,0,3,20.72,Fall,2009
53,1,2,3,21.95,Fall,2009
54,3,1,2,22.43,Fall,2009
42,0,2,2,20.64,Fall,2009
41,1,2,2,23.85,Fall,2009
40,0,1,3,17.88,Fall,2009
39,0,2,3,23.89,Fall,2009
38,0,3,3,30.14,Fall,2009
37,1,3,2,32.21,Fall,2009
36,0,2,1,38.92,Fall,2009
35,1,2,2,53.17,Fall,2009
34,1,1,1,43.88,Fall,2009
33,3,1,2,20.4,Fall,2009
119,2,0,2,37.7,Fall,2009
120,1,0,2,29.68,Fall,2009
121,3,0,1,44.1,Fall,2009
122,0,2,3,29.34,Fall,2009
123,0,2,2,36.19,Fall,2009
124,0,1,3,26.8,Fall,2009
125,0,1,3,25.5,Fall,2009
126,1,2,2,28.06,Fall,2009
127,1,2,2,23.25,Fall,2009
128,2,1,2,29.86,Fall,2009
129,3,1,1,39.21,Fall,2009
130,1,1,1,38.27,Fall,2009
131,1,1,2,21.56,Fall,2009
132,2,1,2,26.14,Fall,2009
133,2,0,2,26.19,Fall,2009
134,2,1,3,18.7,Fall,2009
135,2,0,2,23.49,Fall,2009
136,1,2,2,17.47,Fall,2009
137,3,0,1,54.6,Fall,2009
138,0,0,2,15.53,Fall,2009
137,3,0,0,61.99,Fall,2009
136,1,1,1,50.06,Fall,2009
135,2,0,2,29.39,Fall,2009
134,3,0,3,30.33,Fall,2009
133,1,0,1,43.73,Fall,2009
132,1,1,1,33.86,Fall,2009
32,1,0,1,32.17,Fall,2009
183,1,2,3,27.57,Fall,2009
184,1,2,2,26.48,Fall,2009
185,1,1,3,15.51,Fall,2009
186,1,2,3,20.3,Fall,2009
187,0,1,2,37.41,Fall,2009
188,1,1,2,50.92,Fall,2009
189,1,1,2,50.22,Fall,2009
190,1,1,2,58.11,Fall,2009
191,1,2,3,39.03,Fall,2009
89,0,1,3,30.39,Fall,2009
87,1,2,2,29.54,Fall,2009
86,1,2,3,29.05,Fall,2009
85,0,3,3,29.2,Fall,2009
84,0,1,3,28.17,Fall,2009
83,0,1,3,20.85,Fall,2009
82,0,1,3,27.25,Fall,2009
81,1,2,2,28.61,Fall,2009
79,1,2,2,30.26,Fall,2009
78,0,2,3,33.7,Fall,2009
77,1,3,3,24.89,Fall,2009
76,0,3,3,24.83,Fall,2009
165,2,0,1,64.02,Fall,2009
166,2,0,0,70.13,Fall,2009
167,3,2,2,24.06,Fall,2009
168,0,2,3,13.53,Fall,2009
169,0,1,3,20.9,Fall,2009
170,1,1,3,17.13,Fall,2009
171,2,1,1,39.43,Fall,2009
172,1,1,2,26.59,Fall,2009
173,3,2,1,52.94,Fall,2009
174,3,2,1,61.39,Fall,2009
175,1,2,2,22.65,Fall,2009
176,1,2,2,16.78,Fall,2009
177,2,1,2,30.57,Fall,2009
179,3,2,2,21.85,Fall,2009
180,1,1,1,37.56,Fall,2009
73,2,1,3,10.91,Fall,2009
72,2,1,1,20.48,Fall,2009
71,3,2,2,25.6,Fall,2009
70,3,2,3,11.62,Fall,2009
167,1,2,3,26.17,Fall,2010
168,2,2,3,20.04,Fall,2010
75,2,3,1,27.63,Fall,2010
76,1,3,3,16.67,Fall,2010
77,1,3,3,19.72,Fall,2010
78,0,2,3,16.24,Fall,2010
79,2,2,2,18.13,Fall,2010
80,2,2,2,24.05,Fall,2010
81,2,2,3,22.06,Fall,2010
82,1,1,3,23.27,Fall,2010
83,2,1,3,21.94,Fall,2010
84,2,2,2,21.16,Fall,2010
85,2,3,2,19.47,Fall,2010
86,1,0,3,20.66,Fall,2010
87,1,1,3,21.5,Fall,2010
88,1,1,3,19.12,Fall,2010
89,2,2,3,19.79,Fall,2010
90,3,2,2,22.59,Fall,2010
182,2,2,3,20.24,Fall,2010
178,2,2,2,21.38,Fall,2010
177,2,2,2,20.6,Fall,2010
176,1,2,2,18.63,Fall,2010
175,2,1,2,21.79,Fall,2010
174,3,1,1,48.68,Fall,2010
173,2,1,3,19.77,Fall,2010
172,2,2,2,20.64,Fall,2010
171,1,2,1,20.84,Fall,2010
170,1,1,3,15.45,Fall,2010
169,2,2,3,15.2,Fall,2010
33,2,1,3,38.33,Fall,2010
34,3,2,1,39.31,Fall,2010
35,2,2,3,32.42,Fall,2010
36,3,3,2,29.8,Fall,2010
37,2,2,3,37.75,Fall,2010
38,1,3,3,26.11,Fall,2010
39,2,3,3,30.5,Fall,2010
40,2,3,3,28.74,Fall,2010
41,3,3,2,20.79,Fall,2010
42,1,2,3,29.35,Fall,2010
43,3,3,1,48.99,Fall,2010
44,0,2,3,27.56,Fall,2010
45,0,2,3,22.5,Fall,2010
46,2,1,3,26.62,Fall,2010
47,1,3,2,20.78,Fall,2010
48,0,2,3,21.5,Fall,2010
49,1,1,2,30.62,Fall,2010
50,1,2,3,27.45,Fall,2010
51,1,1,3,26.28,Fall,2010
52,0,1,3,26.07,Fall,2010
53,3,3,1,37.12,Fall,2010
54,3,3,1,42.26,Fall,2010
143,1,2,1,18.85,Fall,2010
144,2,1,2,22.6,Fall,2010
145,1,3,2,20.01,Fall,2010
146,1,1,3,20.17,Fall,2010
147,1,2,2,21.82,Fall,2010
148,0,3,2,18.96,Fall,2010
149,2,2,3,18.96,Fall,2010
150,1,3,3,22.42,Fall,2010
151,1,1,3,18.71,Fall,2010
152,1,1,3,19.93,Fall,2010
153,2,2,3,22.21,Fall,2010
154,3,1,2,22.14,Fall,2010
155,2,2,3,23.03,Fall,2010
156,0,2,3,17.46,Fall,2010
157,0,2,3,18.19,Fall,2010
158,0,1,3,18.53,Fall,2010
159,0,2,3,18.25,Fall,2010
160,2,3,2,17.79,Fall,2010
13,3,1,2,36.17,Fall,2010
14,2,1,2,33.82,Fall,2010
15,1,2,3,24.54,Fall,2010
16,2,2,3,25.93,Fall,2010
18,1,0,3,24.65,Fall,2010
19,3,1,3,25.17,Fall,2010
20,2,1,3,24.69,Fall,2010
21,2,2,3,28.65,Fall,2010
100,3,1,2,37.33,Fall,2010
101,2,2,2,34.49,Fall,2010
102,1,1,3,25.03,Fall,2010
103,1,1,3,25.79,Fall,2010
104,1,1,3,23.59,Fall,2010
105,0,0,3,22.88,Fall,2010
106,2,1,2,27.21,Fall,2010
107,3,1,3,33.31,Fall,2010
108,2,2,3,27.38,Fall,2010
109,3,1,2,29.08,Fall,2010
110,3,2,2,28.5,Fall,2010
111,3,2,0,91.19,Fall,2010
112,3,1,0,84.01,Fall,2010
113,2,3,2,42.86,Fall,2010
114,2,1,2,30.97,Fall,2010
115,3,1,2,34.58,Fall,2010
116,2,1,3,25.48,Fall,2010
117,3,0,3,28.63,Fall,2010
9,1,0,3,23.76,Fall,2010
8,2,1,3,15.47,Fall,2010
7,3,2,1,56.41,Fall,2010
6,2,1,3,28.03,Fall,2010
5,1,2,3,14.55,Fall,2010
4,2,2,2,29.01,Fall,2010
3,2,1,3,20.25,Fall,2010
2,2,2,1,50.21,Fall,2010
1,3,1,1,82.81,Fall,2010
55,1,2,3,19.22,Fall,2012
56,3,2,2,31.44,Fall,2012
57,3,2,1,31.15,Fall,2012
58,1,1,2,21.16,Fall,2012
59,1,2,1,29.33,Fall,2012
60,1,1,2,21.6,Fall,2012
70,2,1,2,19.49,Fall,2012
71,1,0,3,10.64,Fall,2012
73,1,0,3,10.93,Fall,2012
74,1,1,1,15.5,Fall,2012
162,3,1,0,25.53,Fall,2012
163,1,1,3,21.68,Fall,2012
164,1,2,2,8.66,Fall,2012
165,2,0,0,18.62,Fall,2012
166,2,0,0,17.15,Fall,2012
167,1,2,1,23.15,Fall,2012
168,1,2,3,64.69,Fall,2012
169,1,2,2,19.36,Fall,2012
170,1,1,2,21.78,Fall,2012
171,2,1,0,45.96,Fall,2012
172,2,2,2,15.46,Fall,2012
173,2,1,2,14.48,Fall,2012
174,2,0,0,18.85,Fall,2012
175,1,2,1,17.19,Fall,2012
176,1,2,2,70.47,Fall,2012
177,2,1,2,63.43,Fall,2012
178,2,1,1,23.08,Fall,2012
180,2,1,2,19.31,Fall,2012
181,2,1,1,43.55,Fall,2012
182,1,1,3,8.79,Fall,2012
183,1,2,3,9.88,Fall,2012
184,1,1,2,12.91,Fall,2012
185,1,2,2,13.89,Fall,2012
186,1,2,2,14.67,Fall,2012
187,0,1,3,12.54,Fall,2012
188,1,1,1,15.98,Fall,2012
189,1,1,3,17.73,Fall,2012
190,1,1,2,15.02,Fall,2012
191,2,2,2,15.17,Fall,2012
89,1,2,2,16.78,Fall,2012
88,0,1,3,21.79,Fall,2012
87,0,1,1,15.41,Fall,2012
86,2,1,2,15.9,Fall,2012
85,2,3,1,18.51,Fall,2012
84,2,3,1,19.81,Fall,2012
83,1,1,2,17.39,Fall,2012
82,1,0,2,19.56,Fall,2012
81,2,2,2,17.38,Fall,2012
80,2,1,1,16.61,Fall,2012
79,1,1,2,17.73,Fall,2012
78,2,2,2,16.7,Fall,2012
77,2,2,2,17.38,Fall,2012
76,1,2,3,20.22,Fall,2012
143,1,1,3,20.68,Fall,2012
144,1,1,2,18.59,Fall,2012
145,1,2,3,16.46,Fall,2012
146,0,1,3,18.18,Fall,2012
147,1,2,2,19.07,Fall,2012
148,2,3,2,18.61,Fall,2012
149,1,2,3,16.11,Fall,2012
150,1,2,3,14.45,Fall,2012
151,1,3,2,17.07,Fall,2012
152,0,1,3,16.18,Fall,2012
153,0,0,2,14.57,Fall,2012
154,2,2,3,15.49,Fall,2012
155,2,2,1,23.67,Fall,2012
156,2,3,1,26.39,Fall,2012
157,1,1,3,15.03,Fall,2012
158,1,2,3,12.42,Fall,2012
159,1,0,1,38.7,Fall,2012
160,2,2,1,27.61,Fall,2012
54,3,2,0,57.17,Fall,2012
53,0,1,3,20.04,Fall,2012
52,0,0,3,13.69,Fall,2012
51,1,2,2,20.49,Fall,2012
50,2,2,3,9.9,Fall,2012
49,2,1,3,16.46,Fall,2012
48,3,3,2,21.35,Fall,2012
47,1,3,2,20.85,Fall,2012
46,1,3,2,25.47,Fall,2012
45,1,2,3,19.56,Fall,2012
43,3,1,0,48.64,Fall,2012
44,3,3,1,55.5,Fall,2012
42,1,2,3,13.81,Fall,2012
41,1,3,1,22.38,Fall,2012
40,1,2,2,17.92,Fall,2012
39,2,2,1,31.28,Fall,2012
25,2,1,2,24.95,Fall,2012
26,1,0,2,23.17,Fall,2012
24,1,1,3,11.48,Fall,2012
23,2,0,2,22.06,Fall,2012
33,1,1,2,40.53,Fall,2012
34,2,1,2,23.19,Fall,2012
35,2,1,1,31.72,Fall,2012
36,1,2,2,20.67,Fall,2012
37,2,2,1,40.71,Fall,2012
38,1,2,2,22.95,Fall,2012
119,1,0,2,20.37,Fall,2012
120,1,1,2,15.74,Fall,2012
121,2,1,2,20.09,Fall,2012
122,1,2,3,16.74,Fall,2012
123,1,3,2,19.13,Fall,2012
124,1,1,3,18.39,Fall,2012
125,1,2,2,25.32,Fall,2012
126,2,2,2,22.47,Fall,2012
127,2,1,2,19.3,Fall,2012
128,2,1,2,19.46,Fall,2012
129,1,1,2,23.88,Fall,2012
130,2,1,2,19.79,Fall,2012
131,2,0,2,21.81,Fall,2012
132,1,1,2,15.22,Fall,2012
133,2,1,1,22.31,Fall,2012
134,1,0,3,17.81,Fall,2012
135,2,1,1,16.18,Fall,2012
136,3,2,3,8.4,Fall,2012
138,2,0,3,9.26,Fall,2012
32,2,0,1,32.4,Fall,2012
31,2,0,0,44.37,Fall,2012
30,2,1,0,48.58,Fall,2012
29,2,1,2,19.56,Fall,2012
28,1,0,2,51.82,Fall,2012
14,1,1,2,31,Fall,2012
15,1,2,2,20.42,Fall,2012
16,2,2,2,23.32,Fall,2012
17,1,2,1,23.09,Fall,2012
18,2,0,3,21.64,Fall,2012
19,1,1,3,20.87,Fall,2012
20,1,1,2,22.48,Fall,2012
21,1,1,1,19.66,Fall,2012
101,0,1,1,35.83,Fall,2012
102,1,2,2,19.89,Fall,2012
103,1,3,3,22,Fall,2012
104,1,3,3,19.94,Fall,2012
105,0,2,2,15.24,Fall,2012
109,1,1,1,35.2,Fall,2012
108,1,1,1,49.07,Fall,2012
110,1,1,1,27.25,Fall,2012
112,2,1,1,51.83,Fall,2012
113,0,2,2,32.03,Fall,2012
114,0,1,1,27.28,Fall,2012
115,0,1,1,29.39,Fall,2012
7,2,2,2,20.17,Fall,2012
6,1,3,3,16.98,Fall,2012
5,1,1,1,24.5,Fall,2012
4,1,2,2,22.47,Fall,2012
3,2,1,1,35.48,Fall,2012
82,0,1,3,12.38,Fall,2013
83,2,2,3,11.94,Fall,2013
84,0,3,2,19.91,Fall,2013
85,1,3,2,20.62,Fall,2013
86,1,2,3,17.6,Fall,2013
87,0,1,3,13.72,Fall,2013
88,0,1,3,17.54,Fall,2013
89,0,1,3,15.62,Fall,2013
180,2,1,2,13.56,Fall,2013
191,1,0,2,20.46,Fall,2013
190,0,0,2,12,Fall,2013
189,0,0,3,12.33,Fall,2013
188,1,1,2,18.06,Fall,2013
187,0,0,2,12.51,Fall,2013
186,1,1,2,12.17,Fall,2013
185,1,2,3,15.55,Fall,2013
184,0,2,2,15.58,Fall,2013
183,1,1,3,13.16,Fall,2013
76,0,1,2,14.64,Fall,2013
77,2,3,2,17.47,Fall,2013
78,0,3,2,17.52,Fall,2013
79,1,2,2,16.92,Fall,2013
80,2,1,2,22.03,Fall,2013
81,2,1,2,18.29,Fall,2013
173,3,1,3,18.84,Fall,2013
174,3,0,0,52.39,Fall,2013
175,2,1,1,29.85,Fall,2013
176,2,2,2,21.48,Fall,2013
177,2,2,2,23.38,Fall,2013
178,1,3,2,16.02,Fall,2013
179,0,2,3,11.98,Fall,2013
21,0,2,2,23.87,Fall,2013
20,3,1,2,24.63,Fall,2013
19,2,1,3,19.24,Fall,2013
18,3,0,3,21.02,Fall,2013
17,1,0,3,20.94,Fall,2013
16,2,1,2,24.22,Fall,2013
15,3,1,2,30.01,Fall,2013
14,3,0,1,54.99,Fall,2013
101,2,3,2,15.61,Fall,2013
102,0,1,3,17.95,Fall,2013
103,2,1,2,19.61,Fall,2013
104,2,2,3,16.34,Fall,2013
105,0,0,3,16.07,Fall,2013
106,2,1,3,17.55,Fall,2013
107,2,2,2,21.75,Fall,2013
108,1,3,1,59.15,Fall,2013
109,1,0,3,16.3,Fall,2013
110,2,2,2,17.37,Fall,2013
111,3,0,0,71.66,Fall,2013
112,2,0,0,71.52,Fall,2013
113,1,0,2,15.87,Fall,2013
114,2,0,1,17.22,Fall,2013
115,1,0,2,20.26,Fall,2013
116,2,1,2,15.92,Fall,2013
9,2,1,3,12.11,Fall,2013
8,3,0,1,36.12,Fall,2013
7,1,0,3,12.74,Fall,2013
6,2,0,2,14.07,Fall,2013
5,2,1,1,51.88,Fall,2013
4,2,0,2,17.15,Fall,2013
3,2,1,1,41.8,Fall,2013
2,2,0,1,64.49,Fall,2013
119,1,1,2,20.79,Fall,2013
120,2,1,2,21.16,Fall,2013
121,3,0,0,31.51,Fall,2013
122,1,3,2,20.5,Fall,2013
123,1,3,2,23.97,Fall,2013
124,1,3,2,16.56,Fall,2013
125,0,3,2,20.9,Fall,2013
126,2,2,1,22.51,Fall,2013
127,1,2,2,17.76,Fall,2013
128,1,2,1,16.84,Fall,2013
129,2,3,1,31.2,Fall,2013
130,0,1,0,43.42,Fall,2013
131,2,1,2,19.56,Fall,2013
132,2,2,1,19.51,Fall,2013
133,2,3,1,20.79,Fall,2013
134,1,1,2,15.18,Fall,2013
135,1,1,1,17.71,Fall,2013
136,1,0,1,15.23,Fall,2013
137,1,1,0,43.08,Fall,2013
138,0,0,2,16.14,Fall,2013
32,1,1,1,23.57,Fall,2013
31,1,0,0,38.72,Fall,2013
30,1,0,0,42.45,Fall,2013
29,1,1,1,32.16,Fall,2013
28,1,2,2,18.71,Fall,2013
27,2,2,2,19.77,Fall,2013
26,0,3,3,16.55,Fall,2013
25,1,2,2,48.68,Fall,2013
24,1,2,2,17.96,Fall,2013
23,0,1,1,18.18,Fall,2013
22,0,1,1,17.37,Fall,2013
55,2,1,1,31.67,Fall,2013
56,3,2,2,30.34,Fall,2013
57,3,2,2,22.41,Fall,2013
58,1,2,2,20.1,Fall,2013
59,0,2,1,20.86,Fall,2013
60,1,2,3,21.47,Fall,2013
62,3,1,1,80.42,Fall,2013
64,2,1,0,80.42,Fall,2013
66,3,0,0,81.64,Fall,2013
68,3,1,0,69.64,Fall,2013
70,1,1,3,20.9,Fall,2013
71,1,2,3,16.68,Fall,2013
72,1,2,3,12.16,Fall,2013
73,1,1,3,13.85,Fall,2013
74,1,1,2,14.41,Fall,2013
160,2,2,2,14.01,Fall,2013
159,1,2,2,12.85,Fall,2013
158,2,2,0,30.95,Fall,2013
157,2,1,2,15.83,Fall,2013
156,1,1,3,15.02,Fall,2013
155,3,2,0,25.13,Fall,2013
154,2,2,2,17.58,Fall,2013
153,3,1,2,15.79,Fall,2013
152,2,1,3,17.13,Fall,2013
151,1,1,3,15.63,Fall,2013
168,0,1,3,17.44,Fall,2013
169,0,2,2,15.14,Fall,2013
170,2,2,3,15.56,Fall,2013
171,3,2,1,18.2,Fall,2013
172,3,2,3,17.13,Fall,2013
144,3,1,2,24.3,Fall,2013
145,2,2,1,26.31,Fall,2013
146,1,2,3,19.89,Fall,2013
147,2,2,2,22.44,Fall,2013
148,3,3,1,36.73,Fall,2013
149,2,2,1,45.63,Fall,2013
150,1,2,3,26.78,Fall,2013
151,1,1,3,21.63,Fall,2013
53,3,0,1,43.21,Fall,2013
52,1,0,3,18.85,Fall,2013
51,2,0,3,20.47,Fall,2013
50,2,1,2,26.49,Fall,2013
49,3,1,3,25,Fall,2013
48,1,0,2,22.2,Fall,2013
47,2,2,2,18.42,Fall,2013
46,3,2,2,20.94,Fall,2013
45,1,2,2,22.67,Fall,2013
44,2,3,3,24.09,Fall,2013
43,1,0,0,50.6,Fall,2013
42,1,2,3,21.56,Fall,2013
41,1,2,1,27.39,Fall,2013
40,2,2,2,22.06,Fall,2013
39,1,3,2,23.04,Fall,2013
38,1,3,1,32.24,Fall,2013
37,2,2,1,36.87,Fall,2013
36,1,1,1,43.05,Fall,2013
35,1,2,1,45.39,Fall,2013
34,1,2,2,34.56,Fall,2013
33,3,1,2,37.64,Fall,2013
1,3,1,1,74.87,Fall,2014
2,3,1,1,39.26,Fall,2014
3,3,2,2,36.12,Fall,2014
4,3,1,2,20.85,Fall,2014
5,3,0,2,19.54,Fall,2014
6,3,1,2,21.54,Fall,2014
7,3,0,1,47.83,Fall,2014
8,3,1,1,44.93,Fall,2014
9,2,0,3,9.12,Fall,2014
14,0,1,1,40.81,Fall,2014
15,3,2,2,29.98,Fall,2014
16,3,2,2,27.86,Fall,2014
17,2,3,1,28.33,Fall,2014
18,3,1,3,17.83,Fall,2014
19,3,1,3,12.44,Fall,2014
20,3,2,3,22.01,Fall,2014
21,3,3,2,22.01,Fall,2014
22,3,2,1,55.84,Fall,2014
23,3,1,2,21.81,Fall,2014
24,3,2,2,23.09,Fall,2014
25,3,2,2,17.46,Fall,2014
26,3,1,0,70.83,Fall,2014
27,3,1,1,42.65,Fall,2014
28,3,0,0,53.58,Fall,2014
29,3,2,2,20.32,Fall,2014
30,2,1,1,50.5,Fall,2014
31,2,1,1,39.41,Fall,2014
32,3,3,3,15.58,Fall,2014
33,2,1,1,56.12,Fall,2014
36,3,1,1,46.91,Fall,2014
38,3,3,3,28.33,Fall,2014
39,2,2,2,20.08,Fall,2014
40,1,2,2,20.43,Fall,2014
41,1,1,2,23.13,Fall,2014
42,1,2,3,17.95,Fall,2014
44,1,3,2,20.01,Fall,2014
45,2,2,2,17.86,Fall,2014
47,3,3,3,20.1,Fall,2014
48,2,1,3,22.7,Fall,2014
49,3,0,2,20.59,Fall,2014
50,1,0,3,17.1,Fall,2014
51,2,1,3,18.02,Fall,2014
52,0,0,3,15.67,Fall,2014
53,2,0,1,29.04,Fall,2014
54,3,2,0,53.97,Fall,2014
70,2,1,2,17.01,Fall,2014
71,2,1,1,19.24,Fall,2014
72,2,0,2,16.51,Fall,2014
73,1,0,2,15.26,Fall,2014
74,1,1,3,15.26,Fall,2014
76,0,2,3,29.97,Fall,2014
77,1,2,2,21.91,Fall,2014
78,0,3,2,18.01,Fall,2014
79,0,1,2,17.18,Fall,2014
80,2,2,2,14.43,Fall,2014
81,2,2,3,15.98,Fall,2014
82,1,1,2,16.15,Fall,2014
83,1,1,2,15.16,Fall,2014
84,0,3,2,15.49,Fall,2014
85,1,3,2,18.74,Fall,2014
86,0,1,3,15.84,Fall,2014
87,0,1,2,16.76,Fall,2014
88,0,1,3,18.12,Fall,2014
89,0,2,2,14.44,Fall,2014
90,2,3,1,16.44,Fall,2014
100,2,0,3,13.59,Fall,2014
101,3,1,2,19.58,Fall,2014
102,3,1,2,17.69,Fall,2014
103,3,2,2,17.15,Fall,2014
104,3,1,3,17.06,Fall,2014
105,3,1,3,17.24,Fall,2014
106,3,1,2,25.74,Fall,2014
107,3,2,2,39.91,Fall,2014
108,3,1,1,63.11,Fall,2014
109,3,2,3,24.42,Fall,2014
110,3,1,3,25.53,Fall,2014
111,3,1,1,69.81,Fall,2014
112,3,1,1,64.19,Fall,2014
113,3,0,3,16.3,Fall,2014
114,3,0,1,19.54,Fall,2014
115,3,0,1,19.91,Fall,2014
116,3,0,3,13.57,Fall,2014
117,3,0,2,17.56,Fall,2014
118,3,0,2,19.71,Fall,2014
119,3,1,3,30.09,Fall,2014
120,3,1,3,32.62,Fall,2014
121,3,0,0,71.48,Fall,2014
122,3,3,3,11.38,Fall,2014
123,3,2,2,31.63,Fall,2014
124,1,2,3,19.36,Fall,2014
125,2,2,2,22.64,Fall,2014
126,3,2,1,22.06,Fall,2014
127,3,2,2,18.84,Fall,2014
128,3,1,3,17.36,Fall,2014
129,0,0,0,58.52,Fall,2014
130,3,1,2,19.51,Fall,2014
131,3,1,2,18.09,Fall,2014
132,3,1,1,38.14,Fall,2014
133,3,2,1,26.93,Fall,2014
134,3,1,3,14.35,Fall,2014
135,3,2,2,17.31,Fall,2014
136,3,2,2,15.72,Fall,2014
138,0,2,2,17.38,Fall,2014
139,1,2,2,25.16,Fall,2014
149,3,3,2,26.36,Fall,2014
150,0,1,3,24.76,Fall,2014
151,0,1,3,20.05,Fall,2014
152,0,0,3,20.39,Fall,2014
153,3,2,3,23.06,Fall,2014
154,3,1,2,27.91,Fall,2014
155,2,2,2,27.29,Fall,2014
156,1,1,2,23.57,Fall,2014
157,1,1,3,35.76,Fall,2014
158,2,1,0,35.27,Fall,2014
159,1,1,3,27.97,Fall,2014
160,3,1,3,22.95,Fall,2014
168,0,3,1,17.73,Fall,2014
169,0,2,2,18.46,Fall,2014
170,1,2,2,14.25,Fall,2014
171,2,3,1,17.14,Fall,2014
172,2,2,2,17.51,Fall,2014
173,2,1,2,18.62,Fall,2014
174,3,0,0,60.04,Fall,2014
175,1,2,2,19.51,Fall,2014
176,1,2,2,19.24,Fall,2014
177,2,1,2,17.63,Fall,2014
178,2,2,2,21.24,Fall,2014
179,3,1,1,33.12,Fall,2014
180,2,1,3,21.24,Fall,2014
181,2,1,1,21.26,Fall,2014
56,2,2,2,NA,Fall,2015
57,2,2,1,NA,Fall,2015
58,2,2,1,NA,Fall,2015
59,2,2,2,NA,Fall,2015
60,1,2,2,NA,Fall,2015
61,2,2,2,14.88,Fall,2015
159,2,2,1,NA,Fall,2015
158,2,2,2,NA,Fall,2015
157,2,1,2,NA,Fall,2015
156,2,2,2,NA,Fall,2015
155,2,2,2,NA,Fall,2015
154,1,3,1,NA,Fall,2015
153,2,1,2,NA,Fall,2015
152,1,1,2,NA,Fall,2015
73,2,1,2,11.68,Fall,2015
72,2,1,2,14.16,Fall,2015
71,2,2,2,17.07,Fall,2015
172,2,1,2,8.52,Fall,2015
171,3,1,1,16.65,Fall,2015
170,1,1,2,9.87,Fall,2015
169,2,2,1,13.85,Fall,2015
168,2,2,2,22.35,Fall,2015
165,2,3,2,21.01,Fall,2015
163,3,2,1,48.61,Fall,2015
184,1,2,2,10.77,Fall,2015
183,2,2,2,13.52,Fall,2015
185,1,2,2,14.03,Fall,2015
186,1,2,2,12.63,Fall,2015
187,1,1,2,12.61,Fall,2015
188,2,1,2,17.59,Fall,2015
191,2,1,2,18.37,Fall,2015
89,1,2,2,15.13,Fall,2015
88,1,1,2,13.64,Fall,2015
87,1,1,2,13.61,Fall,2015
86,1,2,2,15.46,Fall,2015
85,0,3,2,15.71,Fall,2015
84,0,3,2,17.23,Fall,2015
83,1,1,2,NA,Fall,2015
82,1,1,3,16.87,Fall,2015
81,2,2,2,16.93,Fall,2015
80,2,3,2,27.83,Fall,2015
79,1,2,2,16.34,Fall,2015
78,0,3,2,15.3,Fall,2015
77,1,3,2,16.58,Fall,2015
76,0,3,2,13.27,Fall,2015
21,3,2,3,13.36,Fall,2015
20,0,1,2,8.36,Fall,2015
19,1,1,2,9.27,Fall,2015
18,1,0,2,10.99,Fall,2015
17,3,3,1,12.75,Fall,2015
16,1,2,2,13.72,Fall,2015
15,1,2,1,13.54,Fall,2015
14,1,3,2,11.38,Fall,2015
13,1,1,2,14.43,Fall,2015
101,1,1,1,14.83,Fall,2015
102,1,2,2,12.26,Fall,2015
103,1,1,2,13.35,Fall,2015
104,1,1,2,12.36,Fall,2015
105,0,1,3,13.71,Fall,2015
106,0,1,2,16.28,Fall,2015
107,1,1,1,18.99,Fall,2015
108,1,2,1,15.88,Fall,2015
109,1,1,2,15.16,Fall,2015
110,1,1,2,14.09,Fall,2015
111,0,2,1,16.59,Fall,2015
112,0,0,1,41.83,Fall,2015
113,0,1,2,11.1,Fall,2015
114,1,0,1,10.05,Fall,2015
115,1,0,1,11.74,Fall,2015
116,1,0,1,9.25,Fall,2015
8,1,1,3,8.94,Fall,2015
7,1,1,1,23.39,Fall,2015
6,0,0,3,5.8,Fall,2015
5,0,1,1,29.45,Fall,2015
4,0,1,2,7.16,Fall,2015
3,1,1,1,35.31,Fall,2015
2,1,2,2,15.52,Fall,2015
32,1,0,1,NA,Fall,2015
31,2,0,1,NA,Fall,2015
30,3,1,2,NA,Fall,2015
29,2,0,2,NA,Fall,2015
28,2,0,3,NA,Fall,2015
27,1,1,2,NA,Fall,2015
26,3,0,1,NA,Fall,2015
25,1,0,3,NA,Fall,2015
24,2,1,3,NA,Fall,2015
23,3,0,1,NA,Fall,2015
22,1,2,3,NA,Fall,2015
119,2,1,3,16.56,Fall,2015
120,2,1,3,17.59,Fall,2015
121,3,0,1,66.98,Fall,2015
122,0,3,3,18.3,Fall,2015
123,1,3,2,20.07,Fall,2015
124,1,3,3,21.96,Fall,2015
125,0,3,2,19.06,Fall,2015
126,2,2,2,21.76,Fall,2015
127,2,2,2,17.8,Fall,2015
128,2,2,2,17.66,Fall,2015
129,1,2,2,21.08,Fall,2015
130,1,1,1,16.07,Fall,2015
131,2,1,2,19.63,Fall,2015
132,2,1,2,16,Fall,2015
133,1,0,3,15.6,Fall,2015
134,0,1,3,12.67,Fall,2015
135,2,1,2,22,Fall,2015
136,3,0,1,49.59,Fall,2015
137,3,0,1,47.87,Fall,2015
138,3,1,1,19.76,Fall,2015
34,3,1,1,42.42,Fall,2015
35,0,3,1,20.62,Fall,2015
36,2,3,2,15.63,Fall,2015
37,0,1,2,47.77,Fall,2015
38,2,3,1,19.14,Fall,2015
39,1,3,2,19.34,Fall,2015
40,2,2,2,20.65,Fall,2015
145,1,2,2,19.6,Fall,2015
146,1,1,2,18.84,Fall,2015
147,2,1,2,18.25,Fall,2015
148,2,1,2,19.31,Fall,2015
149,1,3,2,17.77,Fall,2015
150,1,2,2,20.9,Fall,2015
41,1,2,2,19.04,Fall,2015
42,1,2,2,20.35,Fall,2015
43,3,3,2,NA,Fall,2015
53,2,0,2,NA,Fall,2015
50,2,2,2,NA,Fall,2015
51,2,1,2,NA,Fall,2015
52,2,0,2,NA,Fall,2015
49,1,1,2,NA,Fall,2015
48,1,2,2,NA,Fall,2015
47,1,3,2,NA,Fall,2015
145,1,1,3,14.11,Fall,2016
146,1,1,3,10.92,Fall,2016
147,2,1,2,13.26,Fall,2016
148,1,2,2,8.79,Fall,2016
149,1,1,2,8.64,Fall,2016
150,1,2,2,14.52,Fall,2016
33,3,1,1,53.04,Fall,2016
34,3,2,0,51.48,Fall,2016
35,2,2,2,11.48,Fall,2016
36,2,0,1,42.47,Fall,2016
37,1,2,2,42.46,Fall,2016
38,1,1,2,20.41,Fall,2016
39,2,1,2,21.81,Fall,2016
40,1,1,2,12.24,Fall,2016
41,2,2,2,16.87,Fall,2016
42,1,1,3,11.42,Fall,2016
43,2,0,0,99.75,Fall,2016
44,0,1,2,13.05,Fall,2016
45,1,1,2,13.5,Fall,2016
46,1,1,1,12.07,Fall,2016
47,2,1,2,10.21,Fall,2016
48,2,1,3,7.87,Fall,2016
49,2,1,2,12.86,Fall,2016
50,1,1,2,8.72,Fall,2016
51,1,0,2,10.58,Fall,2016
52,1,0,3,10.91,Fall,2016
53,1,0,2,9.37,Fall,2016
54,3,1,1,32.84,Fall,2016
183,1,3,3,15.48,Fall,2016
184,1,3,3,12.27,Fall,2016
185,1,3,3,7.72,Fall,2016
186,1,2,3,8.59,Fall,2016
187,1,1,3,10.64,Fall,2016
188,1,3,2,14.22,Fall,2016
189,0,1,3,9.02,Fall,2016
190,1,1,3,8.82,Fall,2016
191,2,1,2,11.11,Fall,2016
89,1,1,3,12.58,Fall,2016
88,1,1,3,12.42,Fall,2016
87,1,1,2,10.31,Fall,2016
86,1,2,3,13.08,Fall,2016
85,1,3,2,13.83,Fall,2016
84,2,3,2,14.06,Fall,2016
83,1,2,3,10.79,Fall,2016
82,1,0,3,13.14,Fall,2016
81,1,1,3,13.13,Fall,2016
80,2,2,2,17.1,Fall,2016
79,1,3,2,12.39,Fall,2016
78,1,3,2,13.26,Fall,2016
77,1,3,3,11.82,Fall,2016
76,0,3,3,10.93,Fall,2016
15,1,2,2,18.57,Fall,2016
16,1,3,3,14.32,Fall,2016
17,1,2,1,25.07,Fall,2016
18,1,0,3,11.55,Fall,2016
19,1,1,2,18.92,Fall,2016
20,1,1,2,18.87,Fall,2016
21,1,2,3,13.55,Fall,2016
103,1,2,3,18,Fall,2016
104,1,1,3,13.08,Fall,2016
105,1,1,3,13.24,Fall,2016
108,2,1,2,37.09,Fall,2016
109,1,1,2,20.3,Fall,2016
113,0,0,3,6.95,Fall,2016
114,2,0,2,19.16,Fall,2016
115,3,0,2,40.52,Fall,2016
2,2,2,2,26.68,Fall,2016
3,2,1,3,8.42,Fall,2016
5,2,1,2,22.03,Fall,2016
6,1,1,3,5.19,Fall,2016
7,1,1,3,9.72,Fall,2016
56,1,3,2,21.2,Fall,2016
57,1,2,2,23.67,Fall,2016
58,0,2,2,12.09,Fall,2016
59,1,3,2,14.86,Fall,2016
60,1,2,3,13.05,Fall,2016
70,2,3,2,9.7,Fall,2016
71,2,2,3,11.56,Fall,2016
73,2,1,3,9.1,Fall,2016
180,2,2,3,11.41,Fall,2016
177,3,1,2,10.1,Fall,2016
176,3,1,2,10.29,Fall,2016
175,3,2,2,16.93,Fall,2016
174,3,1,1,56.95,Fall,2016
173,3,2,3,12.66,Fall,2016
172,3,2,2,17.94,Fall,2016
171,1,3,1,25.63,Fall,2016
170,2,2,3,8.71,Fall,2016
169,2,3,2,15.03,Fall,2016
168,1,3,2,12.23,Fall,2016
22,2,1,2,15.5,Fall,2016
23,2,1,2,14.74,Fall,2016
24,1,1,3,13.66,Fall,2016
25,3,1,1,17.1,Fall,2016
26,3,2,1,41.2,Fall,2016
27,3,1,1,19.84,Fall,2016
28,1,0,3,14.54,Fall,2016
29,3,1,1,28.71,Fall,2016
30,3,0,1,54.81,Fall,2016
31,3,2,1,55.05,Fall,2016
32,3,1,3,NA,Fall,2016
137,1,1,3,19.77,Fall,2016
136,2,1,3,15.96,Fall,2016
135,3,1,2,12.22,Fall,2016
134,2,1,2,12.44,Fall,2016
133,2,1,2,14.57,Fall,2016
132,2,2,2,19.43,Fall,2016
131,2,2,2,24.2,Fall,2016
130,2,3,2,20.42,Fall,2016
129,2,3,1,44.26,Fall,2016
128,2,1,2,22.16,Fall,2016
127,2,2,2,19.27,Fall,2016
126,2,2,2,17.42,Fall,2016
125,0,2,2,18.04,Fall,2016
124,1,2,2,17.53,Fall,2016
123,2,2,2,18.85,Fall,2016
122,1,2,3,20.19,Fall,2016
14,1,2,2,15.11,Fall,2017
15,2,1,1,24.65,Fall,2017
16,2,2,2,28.9,Fall,2017
17,1,3,2,20.46,Fall,2017
18,1,1,2,18.18,Fall,2017
19,0,2,2,17.36,Fall,2017
20,1,3,2,23.84,Fall,2017
21,1,3,2,17.36,Fall,2017
101,2,2,3,13.38,Fall,2017
102,0,1,3,13.72,Fall,2017
103,1,2,2,17.08,Fall,2017
104,0,0,3,17.52,Fall,2017
105,1,0,2,16.41,Fall,2017
108,2,2,1,14.15,Fall,2017
109,1,1,2,16.81,Fall,2017
112,1,3,2,14.17,Fall,2017
113,0,1,3,20.42,Fall,2017
114,3,0,0,20.67,Fall,2017
115,3,1,1,17.79,Fall,2017
8,0,1,3,17.18,Fall,2017
7,3,0,1,17.83,Fall,2017
6,1,3,3,40.57,Fall,2017
5,1,2,2,22.78,Fall,2017
4,3,2,2,35.96,Fall,2017
3,2,3,2,20.97,Fall,2017
173,2,1,2,20.43,Fall,2017
175,3,2,1,24.52,Fall,2017
176,1,1,1,15.12,Fall,2017
177,1,1,2,19.26,Fall,2017
178,2,2,1,16.13,Fall,2017
85,0,3,1,18.17,Fall,2017
86,0,1,2,16.28,Fall,2017
84,0,3,1,19.26,Fall,2017
83,1,2,2,12.77,Fall,2017
82,0,1,2,15.92,Fall,2017
81,1,2,2,13.33,Fall,2017
80,2,1,1,22.41,Fall,2017
79,1,2,2,17.02,Fall,2017
78,0,3,2,17.47,Fall,2017
77,1,3,2,15,Fall,2017
76,0,2,3,12.76,Fall,2017
188,1,2,2,17.82,Fall,2017
187,0,1,2,11.31,Fall,2017
186,0,1,3,12.16,Fall,2017
185,0,2,3,11.19,Fall,2017
184,1,3,2,16.31,Fall,2017
183,0,3,3,13.14,Fall,2017
119,1,1,3,15.94,Fall,2017
120,3,0,0,36.27,Fall,2017
122,2,1,2,19.21,Fall,2017
123,0,3,3,19.84,Fall,2017
124,1,2,3,13.26,Fall,2017
125,0,2,3,9.89,Fall,2017
126,0,3,3,14.71,Fall,2017
127,1,2,3,12.92,Fall,2017
128,1,2,3,12.19,Fall,2017
130,2,1,3,17.91,Fall,2017
131,1,2,3,12.8,Fall,2017
132,1,1,3,12.93,Fall,2017
133,2,2,2,20.11,Fall,2017
134,2,2,2,11.65,Fall,2017
135,0,2,3,17.36,Fall,2017
136,1,2,2,14.82,Fall,2017
31,0,3,3,50.49,Fall,2017
30,3,0,0,48.28,Fall,2017
29,3,2,1,25.54,Fall,2017
28,3,1,2,17.81,Fall,2017
27,2,2,3,39.43,Fall,2017
26,3,1,1,39.19,Fall,2017
121,3,1,1,27.78,Fall,2017
35,1,3,2,26.53,Fall,2017
37,1,3,1,23.56,Fall,2017
38,1,1,2,25.52,Fall,2017
40,1,2,2,25.31,Fall,2017
41,1,2,2,16.69,Fall,2017
42,0,2,3,18.62,Fall,2017
44,0,3,3,17.44,Fall,2017
45,0,2,2,18.45,Fall,2017
46,0,3,2,17.49,Fall,2017
47,2,2,2,16.71,Fall,2017
48,2,1,1,19.35,Fall,2017
49,1,1,2,20.74,Fall,2017
50,0,1,3,20.77,Fall,2017
51,2,0,3,18.29,Fall,2017
52,1,0,3,23.89,Fall,2017
53,3,0,1,40.05,Fall,2017
150,2,2,2,23.32,Fall,2017
149,0,3,2,18.77,Fall,2017
147,2,1,2,19.35,Fall,2017
146,0,1,2,18.92,Fall,2017
145,0,1,2,16.74,Fall,2017
144,2,1,1,20.5,Fall,2017
143,0,1,2,19.73,Fall,2017
55,1,3,1,35.89,Fall,2017
56,1,3,2,38.25,Fall,2017
57,0,3,3,27.54,Fall,2017
58,0,2,3,22.4,Fall,2017
59,1,2,2,24.5,Fall,2017
60,1,2,3,12.99,Fall,2017
151,0,1,3,12.31,Fall,2017
152,1,0,3,13.88,Fall,2017
153,2,1,2,17.9,Fall,2017
154,0,3,3,13.27,Fall,2017
155,0,3,2,26.75,Fall,2017
156,1,2,2,34.22,Fall,2017
157,1,1,3,15.28,Fall,2017
158,1,1,1,17.05,Fall,2017
159,1,2,2,37.22,Fall,2017
160,0,3,1,26.17,Fall,2017
74,2,1,3,16.88,Fall,2017
73,1,0,3,16.98,Fall,2017
72,1,1,2,18.42,Fall,2017
71,1,1,2,20.88,Fall,2017
70,1,2,2,19.33,Fall,2017
172,2,2,2,43.34,Fall,2017
171,3,2,2,62.31,Fall,2017
170,1,2,3,38.06,Fall,2017
169,1,3,2,41.9,Fall,2017
168,0,3,2,37.59,Fall,2017
163,1,3,2,20,Fall,2017
3,1,2,2,20.92,Fall,2018
3,1,2,2,20.92,Fall,2018
4,3,2,1,29.99,Fall,2018
5,1,1,3,10.54,Fall,2018
6,1,2,3,7.91,Fall,2018
7,3,3,1,54.31,Fall,2018
14,3,1,1,28.52,Fall,2018
15,3,1,1,17.57,Fall,2018
17,0,3,1,28.44,Fall,2018
18,1,1,2,12.27,Fall,2018
19,1,1,1,11.68,Fall,2018
20,1,2,2,9.66,Fall,2018
21,1,3,2,16.71,Fall,2018
22,1,2,2,23.42,Fall,2018
23,1,2,2,16.72,Fall,2018
24,2,2,2,13.15,Fall,2018
102,2,2,2,10.36,Fall,2018
103,0,3,2,15.21,Fall,2018
104,1,1,2,15.12,Fall,2018
106,3,3,1,20.59,Fall,2018
107,1,2,2,19.19,Fall,2018
109,2,2,1,17.99,Fall,2018
111,3,1,0,77.31,Fall,2018
112,2,0,3,16.21,Fall,2018
113,0,0,3,13.65,Fall,2018
114,2,1,1,15.37,Fall,2018
116,2,1,2,16.67,Fall,2018
75,1,1,1,31.16,Fall,2018
75,1,1,1,30.68,Fall,2018
76,0,3,1,14.86,Fall,2018
76,0,3,1,16.53,Fall,2018
77,1,3,2,15.97,Fall,2018
77,1,3,2,17.54,Fall,2018
78,0,2,1,19.12,Fall,2018
79,1,2,1,19.67,Fall,2018
80,2,2,1,25.19,Fall,2018
81,1,2,2,18.39,Fall,2018
82,1,1,2,18.21,Fall,2018
83,1,2,2,13.75,Fall,2018
84,1,2,2,20.55,Fall,2018
85,1,2,2,18.06,Fall,2018
86,2,1,2,13.28,Fall,2018
87,1,0,3,30.56,Fall,2018
88,1,0,3,25.69,Fall,2018
89,1,0,3,26.66,Fall,2018
90,3,1,2,21.62,Fall,2018
169,2,1,1,19.87,Fall,2018
170,1,1,2,19.94,Fall,2018
171,3,2,0,32.03,Fall,2018
172,2,1,2,20.11,Fall,2018
173,2,1,3,16.71,Fall,2018
174,3,0,0,63.58,Fall,2018
175,1,0,1,23.18,Fall,2018
176,1,0,2,24.67,Fall,2018
177,1,1,2,24.24,Fall,2018
178,2,1,1,20.78,Fall,2018
180,2,1,3,21.16,Fall,2018
181,1,1,1,20.5,Fall,2018
182,1,1,3,17.95,Fall,2018
36,0,3,3,13.38,Fall,2018
37,0,3,0,12.71,Fall,2018
38,1,1,1,43.73,Fall,2018
39,1,1,2,18.96,Fall,2018
40,0,3,2,16.91,Fall,2018
41,0,3,2,21.1,Fall,2018
42,0,2,3,15.1,Fall,2018
44,0,3,3,20.07,Fall,2018
45,1,2,2,20.07,Fall,2018
46,1,3,2,23.53,Fall,2018
47,0,3,2,21.44,Fall,2018
48,1,3,2,17.21,Fall,2018
49,2,1,2,20.33,Fall,2018
58,0,1,2,21.58,Fall,2018
59,1,1,2,23.14,Fall,2018
60,1,2,3,17.94,Fall,2018
69,2,2,3,16.98,Fall,2018
70,1,1,2,14.03,Fall,2018
71,2,2,1,18.09,Fall,2018
72,0,1,2,14.27,Fall,2018
145,1,2,3,13.63,Fall,2018
146,0,2,3,14,Fall,2018
147,0,3,2,12.45,Fall,2018
148,0,3,2,16.8,Fall,2018
149,1,3,2,15.41,Fall,2018
150,1,2,2,13.35,Fall,2018
151,0,1,3,13.95,Fall,2018
152,0,0,2,16.61,Fall,2018
153,1,1,2,16.61,Fall,2018
154,0,3,1,17.29,Fall,2018
155,1,3,2,15.14,Fall,2018
156,1,1,2,15.27,Fall,2018
157,2,1,2,16.56,Fall,2018
158,1,2,1,19.24,Fall,2018
159,0,3,1,21.32,Fall,2018
25,3,1,0,65.08,Fall,2018
26,1,2,2,29.15,Fall,2018
27,3,1,1,41.95,Fall,2018
28,1,2,3,16.49,Fall,2018
29,2,1,1,32.9,Fall,2018
30,3,1,1,58.13,Fall,2018
31,3,1,0,56.15,Fall,2018
32,1,1,1,33.11,Fall,2018
50,0,1,3,16.55,Fall,2018
51,1,1,3,15.9,Fall,2018
52,0,1,3,24.51,Fall,2018
53,1,0,3,20.56,Fall,2018
54,1,1,1,33.26,Fall,2018
128,1,1,2,19.52,Fall,2018
129,0,3,2,21.65,Fall,2018
130,1,3,1,19.93,Fall,2018
131,1,2,3,15.17,Fall,2018
132,1,2,2,15.92,Fall,2018
133,1,1,2,19.58,Fall,2018
134,0,1,3,19.27,Fall,2018
135,2,2,2,17.84,Fall,2018
136,0,3,2,14.97,Fall,2018
138,1,1,2,21.21,Fall,2018
